city_id,model,mae,rows
1,7-day mean,0.2104081632653061,14
1,Same weekday,0.21571428571428572,14
1,Teammate blend 50/50,0.20623566569809218,14
1,RF + validation best (25/75),0.20981794749567703,14
2,7-day mean,0.24387755102040817,28
2,Same weekday,0.24285714285714285,28
2,Teammate blend 50/50,0.2217039253434176,28
2,RF + validation best (25/75),0.22498684299400556,28
3,7-day mean,0.23709183673469386,56
3,Same weekday,0.2819642857142857,56
3,Teammate blend 50/50,0.24004016453620383,56
3,RF + validation best (25/75),0.2345812507822063,56
4,7-day mean,0.2455102040816327,49
4,Same weekday,0.2820408163265306,49
4,Teammate blend 50/50,0.25318107695451253,49
4,RF + validation best (25/75),0.22328615985650152,49
5,7-day mean,0.3035374149659864,21
5,Same weekday,0.2552380952380952,21
5,Teammate blend 50/50,0.2821824615679277,21
5,RF + validation best (25/75),0.2727573189745139,21
6,7-day mean,0.39163265306122447,77
6,Same weekday,0.47506493506493513,77
6,Teammate blend 50/50,0.3791499634216681,77
6,RF + validation best (25/75),0.3832502220593669,77
7,7-day mean,0.11224489795918369,7
7,Same weekday,0.18571428571428572,7
7,Teammate blend 50/50,0.10243466874635787,7
7,RF + validation best (25/75),0.09679383880237602,7
9,7-day mean,0.3155102040816327,7
9,Same weekday,0.2842857142857143,7
9,Teammate blend 50/50,0.1798804824098888,7
9,RF + validation best (25/75),0.20347024750057605,7
10,7-day mean,0.3387755102040816,7
10,Same weekday,0.45714285714285713,7
10,Teammate blend 50/50,0.37626432070610644,7
10,RF + validation best (25/75),0.3477704338007121,7
11,7-day mean,0.3406377551020408,56
11,Same weekday,0.3701785714285714,56
11,Teammate blend 50/50,0.3230930014656316,56
11,RF + validation best (25/75),0.34379558249893477,56
12,7-day mean,0.32766742252456543,189
12,Same weekday,0.4184656084656085,189
12,Teammate blend 50/50,0.3291202424753231,189
12,RF + validation best (25/75),0.3396729615874377,189
13,7-day mean,0.20510204081632655,70
13,Same weekday,0.2757142857142858,70
13,Teammate blend 50/50,0.19097582613184097,70
13,RF + validation best (25/75),0.1847719404096376,70
14,7-day mean,0.30408163265306126,14
14,Same weekday,0.40714285714285714,14
14,Teammate blend 50/50,0.2735538491448462,14
14,RF + validation best (25/75),0.251914377549726,14
15,7-day mean,0.40333333333333327,21
15,Same weekday,0.460952380952381,21
15,Teammate blend 50/50,0.328637232758117,21
15,RF + validation best (25/75),0.324168359670889,21
16,7-day mean,0.2321150278293136,77
16,Same weekday,0.33090909090909093,77
16,Teammate blend 50/50,0.23051996071583294,77
16,RF + validation best (25/75),0.23064579440991886,77
17,7-day mean,0.6755102040816326,7
17,Same weekday,0.857142857142857,7
17,Teammate blend 50/50,0.7247211802865835,7
17,RF + validation best (25/75),0.677693062612685,7
