store_id,product_id,city_id,disc_share,disc_std,disc_min,mean_sales,zero_sales_share,stockout_day_share,switches,usable,selection_sha256
120,402,1,0.4444444444444444,0.08639236337453798,0.807,0.5386666666666666,0.0,0.5111111111111111,6,True,000027ed80ecca5667f81a8b1158c4bfe297663f72c9b64ff1aeab9833e62bba
653,221,13,0.45555555555555555,0.0634874940073307,0.8209999799728394,0.5611111111111111,0.05555555555555555,0.37777777777777777,7,True,00006ea0fa629f908af23d2bba0028bd2a7dc2a7aa774ecddb1ac7fea54f98f2
338,221,13,0.4111111111111111,0.06032997471073471,0.821,0.6144444444444445,0.044444444444444446,0.45555555555555555,9,True,0000a5dc87f673ae9e20e38ad41c606955a2f289a305b1ff813e92602982bca9
355,257,16,0.6777777777777778,0.08742594025782217,0.664,0.5377777777777778,0.022222222222222223,0.5444444444444444,45,True,0002ae1fa10d41f72738cee8d8b492e8b64185884d5921d4030104d4f4f0b5b2
841,618,3,0.5666666666666667,0.08650116782046323,0.671,0.48666666666666664,0.0,0.4,31,True,00070c332a131e5fb6be7a1122348d52ea2e10315833264f3d929a82e56c2d72
564,387,16,0.2111111111111111,0.05936995040621098,0.839,0.5344444444444445,0.044444444444444446,0.4222222222222222,8,True,0007a8e8f19aa74ccd952a19ec736b8e2db8db5430069913d35bf6cfcdc22ba6
365,296,16,0.7222222222222222,0.08178801196613887,0.78,0.45433333333333337,0.0,0.5777777777777777,7,True,000c91845807fec32e305641e524ac11139139ec18c19d2f88b5b5433f914c0d
101,351,10,0.2,0.04871285085088068,0.768,0.3738888888888889,0.011111111111111112,0.5444444444444444,7,True,00244d42d6b9b1272c9391b4e597f608f041aa99c93f2fec3e60913c7aa391ec
45,740,2,0.5,0.05432968590840967,0.846,0.6566666666666667,0.05555555555555555,0.6777777777777778,19,True,0028e8f193eeeca4a266e09c1d6784c4570ccec9d8a6ccff35360272d8640af4
52,381,6,0.2777777777777778,0.033393994493255225,0.8764705657958984,0.5522222222222223,0.16666666666666666,0.2777777777777778,10,True,002c46c4892e6c8f7d3a2b1bf8cb932bf01ff4f3399bcc0eebc53bfd079f68a1
865,772,4,0.18888888888888888,0.073158546408859,0.749,0.4077777777777778,0.03333333333333333,0.6111111111111112,19,True,002f5ff4c88866090a2f9473cf465bbbbcf02d765809a1585997c3951626c100
295,715,16,0.36666666666666664,0.04758641492118532,0.804,0.7828888888888889,0.044444444444444446,0.36666666666666664,6,True,003064382dfa13960d0a8e569776eb4935dce1e8c7fc25078b148d1db46f9f8b
537,323,6,0.5,0.07463512907265693,0.686,0.7899999999999999,0.05555555555555555,0.4111111111111111,16,True,0034db6308ff1d2459e753a45e30e7c016339803a51e4e43f7bebe7ff1ae0f0b
683,332,13,0.18888888888888888,0.07083054334817561,0.765,0.3966666666666667,0.011111111111111112,0.6666666666666666,13,True,0035342e285e39c1c12040329d75218b5e9c6d2373a6e61f20cae0ace1c4dd2c
222,381,12,0.3,0.0327653131180931,0.905,0.9866666666666666,0.14444444444444443,0.26666666666666666,10,True,00394d811c15fa369b610df80b266a6f5b1c8a65101f34ab23b1d32af024af8c
419,219,3,0.2777777777777778,0.06395371297466586,0.794,0.45811111111111114,0.022222222222222223,0.26666666666666666,26,True,003beefe32b8985eeee6cddfe148b0e9205b7cd88641b7bc45b6e88e47eb6f83
618,215,6,0.6555555555555556,0.18471842581696235,0.473,1.2332222222222222,0.12222222222222222,0.5666666666666667,8,True,0044d619eb88323274956cc6a191054830f3069511caadec8be07264e19a72ac
805,810,6,0.5555555555555556,0.12622125296238587,0.692,0.821,0.022222222222222223,0.36666666666666664,6,True,004bf78aa332556c899ee612aa0dd078df388fc682acb02a63b6bce5b6a37647
385,631,12,0.32222222222222224,0.056990478645808494,0.8159999847412109,0.5426666666666666,0.0,0.45555555555555555,11,True,0064985c41e26ab0eac864b1fb79ca7db4536240c0b3b6b5b67f170844366ec3
510,291,15,0.6666666666666666,0.06068255235073956,0.863,0.9913333333333333,0.0,0.6777777777777778,6,True,0078c8e5d36f15dd858652f5ce49e4a81bd0bdf15eba5faf72b3025db78d6aa9
672,772,11,0.2222222222222222,0.06400723761354146,0.735,0.649,0.011111111111111112,0.4444444444444444,16,True,007e096eda5e5ff1d329f0553ccf948eb6d6fb1b4e5ac4d3acf767d380c6daec
626,535,13,0.6555555555555556,0.08652791062836106,0.8059999942779541,0.5841111111111111,0.011111111111111112,0.6,11,True,0089f56a0320d77f09c82e85b745152779a59ca63f5c91ce2bd7e9ce38e2cda1
225,121,12,0.25555555555555554,0.0499637091686715,0.848,0.5822222222222222,0.05555555555555555,0.4888888888888889,26,True,008af6475430a26eb24e85378218d47033c94c31411b7b067374c10f27863798
110,403,3,0.4777777777777778,0.04828646951973393,0.828,0.7255555555555555,0.0,0.37777777777777777,8,True,0091ccb7c04c0a49ed22be9450b66f046e3c0036f00c7a95acdb6c6f32b9af77
483,600,12,0.23333333333333334,0.06042897110917376,0.647,0.5444444444444444,0.022222222222222223,0.8,17,True,009658689936cc9e99a32ee59ea3e71e3ecce9a6dffc5eb12996132b0009d1de
602,758,11,0.4222222222222222,0.061773336994661907,0.786,0.45888888888888885,0.08888888888888889,0.26666666666666666,28,True,00becb5dab481abd25e25d8be06d876b41ac97f43847eac207fbf4a61277911b
506,596,6,0.18888888888888888,0.05980985684884765,0.754,1.0811111111111111,0.0,0.7333333333333333,10,True,00cea74207196067c65485d895199c848db8cf8095486fc574768299418add77
849,26,4,0.26666666666666666,0.05155068669241836,0.862,0.4191111111111111,0.05555555555555555,0.43333333333333335,8,True,00d7446c77f3c515ea44922e1c7ffc54729bd876a7d4dce879d8232dd95d2f21
226,650,12,0.15555555555555556,0.05140983768440221,0.785,0.4855555555555556,0.03333333333333333,0.32222222222222224,13,True,00deef5d076542ed433fef581a9b9e806b89f0d71ae6b239f17bf4fde3f5ab34
388,686,12,0.6111111111111112,0.056360163235175516,0.823,0.5333333333333333,0.022222222222222223,0.6111111111111112,6,True,00df512661ad4dacd92b93ac6bcb50727cfe2f355b34c3a0d00b68a2d386e667
651,699,11,0.36666666666666664,0.037506602044016756,0.849,0.40555555555555556,0.044444444444444446,0.4,17,True,00e402a776bc8d7d582b2f150be2a333ed57478075dd3508872a8e769d74c021
207,758,12,0.45555555555555555,0.06094747243024702,0.781000018119812,0.4888888888888889,0.13333333333333333,0.28888888888888886,36,True,00e8425d50ce8a0e64e7d049e32f6c1d652b82967e8b4a19fe348e378882c0d2
366,631,12,0.37777777777777777,0.0562985276870129,0.813,0.884,0.0,0.4666666666666667,11,True,00ea819df485fbd18916c8869f7b6bd9ce2524430eb14f0d9423dc08311699ea
36,55,9,0.17777777777777778,0.0653223338754426,0.605,0.7001111111111111,0.044444444444444446,0.4111111111111111,17,True,00f9f87f31b95a99f1d4cd98afb322f7309fddc3fe214531683e1d1c7c4a7bac
876,257,12,0.24444444444444444,0.08877319118138416,0.639,0.4391111111111111,0.022222222222222223,0.3888888888888889,17,True,010b138d3ff1f67d777344f2fb9491f42005e5e5078ae125a14d65455eef5497
156,839,16,0.4444444444444444,0.07788868432323717,0.773,0.5111111111111111,0.044444444444444446,0.4111111111111111,19,True,011b5fe8675797e434dbbdf58976f628a2b9782eecd095a352b5dee0f3f3416a
733,740,5,0.17777777777777778,0.027295634914639037,0.898,0.5633333333333334,0.0,0.6777777777777778,10,True,011c164f5fb0c9217c9e70fd3f918c6da303dd7a0ff73a380a08ac1625195fdd
319,554,12,0.4111111111111111,0.1171948690358906,0.706,0.5322222222222222,0.011111111111111112,0.3111111111111111,12,True,01360502667f2a0788f997fcddfe19e978789c02bc109d8e5c4e57f09ce70f34
805,476,6,0.5222222222222223,0.06924282038363315,0.697,0.5956666666666667,0.08888888888888889,0.45555555555555555,38,True,013b6263d37616b00fbbd0d51a2b3b2ea51d41912a4e09d9c541a1600aa1a4e0
881,291,4,0.6666666666666666,0.05240528720862455,0.83,0.6387777777777778,0.0,0.34444444444444444,6,True,014098d2d3715e56d478fe2880b219c9232dc8ee0309bf255a81532bbabf0ae1
747,350,13,0.2,0.06901216759315079,0.693,0.5704444444444444,0.05555555555555555,0.5333333333333333,6,True,014cefe26836e763f5f7515bbf981f252220147655e3e2ddadf80d3d3e38804d
20,191,11,0.5111111111111111,0.1314971145547079,0.703,2.857555555555556,0.06666666666666667,0.5,8,True,014f66b44f844af20ad8eb9783c3a15f885495562cbc626246142fd4c050260c
385,4,12,0.8444444444444444,0.05593252554305333,0.765,2.4144444444444444,0.03333333333333333,0.5888888888888889,20,True,015fa8f922ea0aaf65cb58e0c00cb6c27fa53898ba6ba725f5e1b1b30e6c8cf2
262,426,12,0.5666666666666667,0.10015995838864798,0.4729999899864197,0.42,0.03333333333333333,0.35555555555555557,50,True,016318b59d1646bff2fdd526a9a75a13f4fca67bff1e3a35d543deefe17e04c8
569,729,16,0.18888888888888888,0.03692819610489803,0.864,0.4033333333333333,0.011111111111111112,0.35555555555555557,17,True,018145f2ebb4fd62f04c613987053c846cb4178ee5769c4f27c724bc4f366412
897,37,17,0.7555555555555555,0.08135268993790719,0.71,0.61,0.13333333333333333,0.2111111111111111,7,True,018f90f032935916397cfcc1864187dab28d5b562c3112ed46d63adfaa83e400
286,67,14,0.2,0.06563546192112159,0.712,0.5253333333333333,0.011111111111111112,0.32222222222222224,25,True,019b0cf4ecd7bcebaf6f2713372a679bfffc0cfb9c7590b47a582d6152071d4c
721,674,3,0.2222222222222222,0.05367584772701296,0.75,0.4191111111111111,0.0,0.4111111111111111,21,True,019f036f353c9f238e6299e978e6e9b2e3066437b2636a7889aa4c7154518345
418,396,12,0.28888888888888886,0.061406345886240485,0.753000020980835,0.4715555555555555,0.011111111111111112,0.3,24,True,01a08ef0d13e1c98dfd9bc23c0f267003406c0c75e45ca039d2163d930fbf94e
805,422,6,0.3,0.11734917751382425,0.5,0.7333333333333333,0.0,0.35555555555555557,24,True,01a8bb390e8dad9fb5d9b0ea8aa93dc1019a922cbd95f56c202d0264d3c3af3c
614,580,11,0.3888888888888889,0.07564697643458979,0.751,0.9744444444444444,0.0,0.4222222222222222,25,True,01b1067c4fbbd19666fc9e143eed24a2025142b9a08c99fffbebd3dd77469dee
737,682,15,0.4,0.11916292568182967,0.585,0.518,0.03333333333333333,0.4111111111111111,7,True,01b441c7615a5123439329d36bf8bf873dab709669b39747c969adb3bac8d620
871,531,7,0.45555555555555555,0.04323727324604097,0.832,0.7096666666666667,0.0,0.7222222222222222,6,True,01b4d976ea44400c3c03fc13992ef458183865dccda300ead798a0e18f5b220e
875,476,15,0.4111111111111111,0.06581741738641422,0.697,0.7427777777777778,0.044444444444444446,0.4111111111111111,30,True,01ba1e134132c603d1d8a77aca6004a5c967b494c96d7e57514cca2c718d9b33
228,201,12,0.8,0.08923344588868308,0.714,0.43322222222222223,0.011111111111111112,0.4111111111111111,7,True,01c2eb7b2d7cc37ba2fbd061655f1d261ac038c8a30dc2aca6eeec5265cc3e0b
124,845,12,0.2777777777777778,0.08908327674332667,0.768,0.7419888888888888,0.0,0.4,8,True,01c7218e77301cede2a908530470e33f9fa2babc5dcd544ad6e7631ff9af6e94
782,403,3,0.4777777777777778,0.04975289762449243,0.799,0.4828888888888889,0.044444444444444446,0.4111111111111111,8,True,01d2415827bd665a21eee1ffc041e36a764f4d244c66ee933de137a851d01173
584,791,13,0.18888888888888888,0.04978325556180594,0.823,0.5527777777777778,0.011111111111111112,0.4666666666666667,13,True,01d2d634504d16c554666418ee73f768477f0a0c2f346314c78baa68457734b1
283,525,16,0.6666666666666666,0.08776782924646123,0.668,0.5552222222222222,0.03333333333333333,0.45555555555555555,42,True,01d528b8b6a3ffb95d5e2016a40c34828ae9cf366ba42838a77e0a4e2ff3b1eb
786,377,3,0.7777777777777778,0.1349597720622246,0.513,0.5833333333333334,0.05555555555555555,0.4888888888888889,6,True,01dadb7702b0dfdc890634b54916d69fc94c2e5f582aee8e66f771ddbcb184dd
44,65,2,0.3111111111111111,0.1514186218452831,0.599,0.4422222222222222,0.06666666666666667,0.28888888888888886,11,True,01e0f3d654447f00968a3b082cba667f5c21c672a2795501a0c34f6363d518f3
484,117,12,0.4,0.15314326313819587,0.582,3.3511111111111114,0.044444444444444446,0.4222222222222222,8,True,01ed8c1e3e74e951fb2199905e8e6c4d963e382d9908b8655590d07e8296c846
817,432,13,0.4,0.09184869838138263,0.721,0.48511111111111105,0.011111111111111112,0.6888888888888889,9,True,01eee23284638a5a61c38ca2dd68b4f45dd9addf60a6b0de38cc54196d0419fd
662,371,13,0.32222222222222224,0.05938370579423393,0.841,0.44,0.15555555555555556,0.6888888888888889,15,True,0207c4f7682802237075ffd8403ea35c1e63d4273c40f533d4b1ebeb096ea660
296,596,16,0.6555555555555556,0.08686117613813368,0.749,0.6055555555555555,0.03333333333333333,0.6111111111111112,34,True,021b72ebc7a759d680d3acf90643c998da7f1e1bf7afd351f6f732ccdefe2d30
279,525,16,0.6111111111111112,0.0908014315507558,0.668,0.49877777777777776,0.0,0.3888888888888889,44,True,021c9cdf9674f241067805c9995c7791afa4eba68309471b412b14ad9ebb6c7d
805,37,6,0.6,0.08793935105043153,0.745,0.7888888888888889,0.14444444444444443,0.2777777777777778,49,True,022b9bc54de96e2233ec727a630309dbe439663f853f2c31d18c66b26a12b612
339,620,6,0.15555555555555556,0.04217900886713359,0.837,0.45755555555555555,0.07777777777777778,0.28888888888888886,18,True,0233ccc2cba8a9bbb0f6c85f72097359836075502c2c8646aae23d47d0239505
295,273,16,0.4111111111111111,0.09197240806455766,0.785,0.48177777777777775,0.0,0.43333333333333335,25,True,023702d7282d2b372745b44489389ea3622c04900c45e9d8060f2f01341f258f
42,579,2,0.2777777777777778,0.0739810370844653,0.755,0.6675555555555556,0.05555555555555555,0.4,7,True,023baffbd2b87c3efcd11e2c3499e48c2849711d6274a8d1194fbe52d1b20225
428,580,4,0.45555555555555555,0.06455765520070621,0.757,1.0911111111111111,0.011111111111111112,0.7666666666666667,21,True,024281cb267e87eb698e7772edbed700cd2c17bf776a87ab8fe8b2032fc4298d
306,631,4,0.36666666666666664,0.05576334902729726,0.8159999847412109,0.4348888888888889,0.03333333333333333,0.5333333333333333,21,True,024eb0469904b67a678f4b43d322e03bc7bd50108a5abdc7389017ec0b11affa
268,226,6,0.2,0.024325993038248717,0.903,0.4524444444444444,0.0,0.9333333333333333,6,True,0254df83611ac39bc1a92f4eed28317e4febcb96359fd25040e2ea8a6a352e77
344,596,12,0.2111111111111111,0.06331206423859762,0.743,0.61,0.022222222222222223,0.6111111111111112,24,True,025d3c21590b9f61244260ada37d2bd36036e185c2107eb99b91dbc9c96d419d
666,758,11,0.37777777777777777,0.05927013937938539,0.792,0.5271111111111111,0.1,0.37777777777777777,25,True,0264738140824c9e9bfe792136f63f5c035cc1cb36f6d776798ed92a320c4388
709,340,3,0.8222222222222222,0.15974639425794834,0.425,0.7438888888888889,0.0,0.4444444444444444,13,True,02662b0263bd3d9e00e29fc82b8c44cca3bea26fe1158d11582fba4b5e721bcf
876,644,12,0.8111111111111111,0.14695573378687316,0.637,0.4577777777777778,0.011111111111111112,0.5,17,True,027314301b38e5142b5223a80455b606c1f2248f1569fbac4243e89a630c3316
49,600,5,0.32222222222222224,0.05306897136968275,0.831,0.4722222222222222,0.07777777777777778,0.7777777777777778,20,True,027c3808d191069482858a4f56377644a0648ddce2629036dcea015a33d2a9da
458,70,12,0.37777777777777777,0.1610925865223722,0.622,2.6033333333333335,0.06666666666666667,0.3333333333333333,6,True,0281e94b6fae5082a7d3698fa1823d24899308aae15a2f1801219009d1e07d7c
866,763,4,0.6777777777777778,0.10111328220586464,0.747,0.5316666666666667,0.06666666666666667,0.5333333333333333,17,True,0289c12d2c5a5106e58e715cbfe347b64ba118489b475a201dcad8e72a3e3429
533,644,11,0.7555555555555555,0.152694144669798,0.655,0.45999999999999996,0.022222222222222223,0.5,15,True,02961bcb4cb2300357c2de804c49844ce710a134f432953fc4b0da380c87564a
454,291,12,0.6777777777777778,0.05796838122837417,0.804,0.8733333333333333,0.011111111111111112,0.6111111111111112,7,True,029e3030ad9d019ae0ed50222377e3d954c24b54b96141634c8928ca28a5e50d
270,740,2,0.5,0.051364488702609894,0.841,0.43111111111111106,0.044444444444444446,0.5333333333333333,17,True,029eb286d9318f9d00ba376724600c02e5d950a41e9301c25a920f188096cf76
350,596,12,0.32222222222222224,0.044646013728245906,0.863,1.0866666666666667,0.0,0.5888888888888889,20,True,02a7344edb4d3f69dca2543af9ab3cc1731ebe6f52e23dd906b1edeac5694b89
404,644,16,0.7333333333333333,0.1548629735192588,0.656,0.5533333333333333,0.022222222222222223,0.6,9,True,02ad957e3add67336a60ac52e988ff948bcbd2d7f116e9d53d0c6840cd02b611
779,184,13,0.6111111111111112,0.09812587774534587,0.726,0.4144444444444444,0.12222222222222222,0.35555555555555557,17,True,02b5970f6632d4bb4c9db3a61da446b3cfe45f1cbfe7cac645e27365d49f227f
444,387,12,0.6111111111111112,0.08304367336698157,0.7929999828338623,0.6444444444444445,0.05555555555555555,0.43333333333333335,9,True,02b65f12551f7a43040fb61df3adc4f3ab181d2f35f3611a7c538eae653e4acd
617,596,11,0.6222222222222222,0.07748918906622461,0.761,0.5155555555555555,0.03333333333333333,0.6333333333333333,29,True,02b9ba19b9f7b6596f9e40dac136e093090390d94271f25e847bbf7383c5d0ec
25,83,1,0.4111111111111111,0.04339454814635308,0.866,0.8144444444444444,0.011111111111111112,0.25555555555555554,11,True,02bc2f9907b1fed75294ec47c7dc69da904dccd31d3fe2924886a8c810db6edf
383,763,12,0.6666666666666666,0.10246636918579739,0.747,0.9369999999999999,0.0,0.35555555555555557,17,True,02c9ffc22b81fd48bfa30de4ffa12e3afd3a6cfcdbd1311184a9b4c12a4295cf
835,674,3,0.36666666666666664,0.07408710519886713,0.75,0.44188888888888894,0.03333333333333333,0.3,26,True,02d3b1cdb528f6b7a3665d88eb1f645d932fd8c41e9dc183dc6123c2f9f7eb9b
138,596,12,0.3333333333333333,0.044982338051498365,0.863,0.7133333333333334,0.0,0.6777777777777778,12,True,02d426f0b5b172a6aa0bab61557e4b2b478e5e464d2c22d2293b0552401792b6
894,127,5,0.7333333333333333,0.10471676437123381,0.601,0.7627777777777779,0.044444444444444446,0.28888888888888886,8,True,02d840bc87b6532f2a6d600b91d82adc2a5fe4a3b89ae96743562ecd6961e96d
848,241,4,0.7666666666666667,0.11239195036745502,0.738,0.40355555555555556,0.1111111111111111,0.4888888888888889,10,True,02d9d74897468d229982cfe7805dabeb8a2d89dfeee5bfea2ee492cff75e37fa
408,381,12,0.28888888888888886,0.031981980661686525,0.9165714383125305,0.6911111111111111,0.16666666666666666,0.25555555555555554,12,True,02e7a764cd2b11fcee285aee405416552a8fed9745ab61d96acd88bbac35aa7e
223,845,12,0.4222222222222222,0.11496630616294003,0.73,0.4318888888888889,0.044444444444444446,0.5222222222222223,34,True,02fc5f8cc03205243011ed64c7bcffea12068d69444c49595a01c57504d58f20
893,215,6,0.6333333333333333,0.18546884993798887,0.481,2.1462222222222223,0.1111111111111111,0.43333333333333335,6,True,0302c851d139e5e1ee916271a3c424fc4cb22f6a20a800127cdc32e7e1503cb0
421,554,12,0.4111111111111111,0.11597459204588126,0.706,0.475,0.011111111111111112,0.4777777777777778,14,True,0308e86d7703e5e130c77fefe5e1c82bb97e9b33cbfc88aa70ef3da145e1a641
286,108,14,0.45555555555555555,0.045750805870071395,0.883,0.9026666666666666,0.03333333333333333,0.3111111111111111,8,True,030a866a8218efc6b06b58fe3448991fefb5f868afc5bd2bc12f07da8279acb3
660,254,13,0.5111111111111111,0.11523878666179461,0.7,0.44899999999999995,0.08888888888888889,0.5222222222222223,6,True,0316a50945a884bf658a8591e98255c3b249f6b5ad66faf72070ebdecb780dc7
