store_id,product_id,discount_rate,zero_rate,switch_valid,switch_naive,days,city
18,11,0.6,0.0,13,14,90,0
18,12,0.43333333333333335,0.0,22,23,90,0
18,15,0.5333333333333333,0.03333333333333333,17,18,90,0
18,21,0.4,0.011111111111111112,35,36,90,0
18,23,0.17777777777777778,0.0,7,8,90,0
18,41,0.5111111111111111,0.06666666666666667,6,7,90,0
18,74,0.17777777777777778,0.0,20,21,90,0
18,94,0.36666666666666664,0.011111111111111112,14,15,90,0
18,98,0.4666666666666667,0.022222222222222223,20,21,90,0
18,99,0.5555555555555556,0.011111111111111112,12,13,90,0
18,100,0.18888888888888888,0.022222222222222223,26,27,90,0
18,104,0.7,0.0,6,7,90,0
18,108,0.4777777777777778,0.022222222222222223,11,12,90,0
18,109,0.15555555555555556,0.0,11,12,90,0
18,122,0.4,0.0,12,13,90,0
18,155,0.6222222222222222,0.03333333333333333,55,56,90,0
18,181,0.15555555555555556,0.0,14,15,90,0
18,200,0.6333333333333333,0.0,7,8,90,0
18,247,0.43333333333333335,0.011111111111111112,15,16,90,0
18,250,0.18888888888888888,0.0,12,13,90,0
18,257,0.4,0.05555555555555555,27,28,90,0
18,276,0.5,0.0,52,53,90,0
18,285,0.32222222222222224,0.0,28,29,90,0
18,321,0.23333333333333334,0.05555555555555555,23,24,90,0
18,345,0.6777777777777778,0.0,7,8,90,0
18,348,0.8333333333333334,0.08888888888888889,9,10,90,0
18,373,0.5888888888888889,0.022222222222222223,8,9,90,0
18,374,0.17777777777777778,0.0,16,17,90,0
18,379,0.2111111111111111,0.03333333333333333,18,19,90,0
18,380,0.7333333333333333,0.08888888888888889,31,32,90,0
18,411,0.8111111111111111,0.08888888888888889,11,12,90,0
18,415,0.16666666666666666,0.0,16,17,90,0
18,422,0.7222222222222222,0.0,33,34,90,0
18,424,0.23333333333333334,0.0,25,26,90,0
18,425,0.23333333333333334,0.03333333333333333,16,17,90,0
18,452,0.6444444444444445,0.03333333333333333,50,51,90,0
18,496,0.36666666666666664,0.0,17,18,90,0
18,525,0.3333333333333333,0.022222222222222223,15,16,90,0
18,556,0.16666666666666666,0.022222222222222223,16,17,90,0
18,580,0.5444444444444444,0.0,24,25,90,0
18,596,0.7666666666666667,0.0,14,15,90,0
18,600,0.3333333333333333,0.0,26,27,90,0
18,608,0.35555555555555557,0.07777777777777778,17,18,90,0
18,636,0.43333333333333335,0.011111111111111112,13,14,90,0
18,644,0.7222222222222222,0.011111111111111112,9,10,90,0
18,650,0.8222222222222222,0.022222222222222223,7,8,90,0
18,670,0.3,0.011111111111111112,7,8,90,0
18,673,0.34444444444444444,0.0,15,16,90,0
18,676,0.17777777777777778,0.1111111111111111,17,18,90,0
18,694,0.6666666666666666,0.03333333333333333,43,44,90,0
18,707,0.5444444444444444,0.022222222222222223,37,38,90,0
18,715,0.34444444444444444,0.044444444444444446,9,10,90,0
18,717,0.5888888888888889,0.0,15,16,90,0
18,738,0.3333333333333333,0.011111111111111112,7,8,90,0
18,740,0.2777777777777778,0.0,18,19,90,0
18,764,0.5666666666666667,0.011111111111111112,13,14,90,0
18,803,0.32222222222222224,0.0,23,24,90,0
18,817,0.2777777777777778,0.022222222222222223,20,21,90,0
18,819,0.4111111111111111,0.1111111111111111,17,18,90,0
18,823,0.37777777777777777,0.05555555555555555,32,33,90,0
18,825,0.43333333333333335,0.022222222222222223,17,18,90,0
18,826,0.43333333333333335,0.011111111111111112,32,33,90,0
18,841,0.25555555555555554,0.011111111111111112,23,24,90,0
18,858,0.24444444444444444,0.022222222222222223,18,19,90,0
154,11,0.8,0.0,26,27,90,0
154,15,0.5111111111111111,0.022222222222222223,19,20,90,0
154,21,0.25555555555555554,0.022222222222222223,24,25,90,0
154,23,0.2,0.0,9,10,90,0
154,58,0.16666666666666666,0.0,10,11,90,0
154,74,0.2222222222222222,0.0,18,19,90,0
154,100,0.3333333333333333,0.011111111111111112,30,31,90,0
154,104,0.7,0.0,6,7,90,0
154,105,0.2,0.0,6,7,90,0
154,108,0.4777777777777778,0.03333333333333333,11,12,90,0
154,109,0.17777777777777778,0.03333333333333333,17,18,90,0
154,122,0.4,0.0,10,11,90,0
154,133,0.5555555555555556,0.0,19,20,90,0
154,220,0.7333333333333333,0.03333333333333333,38,39,90,0
154,233,0.15555555555555556,0.0,18,19,90,0
154,247,0.4222222222222222,0.022222222222222223,13,14,90,0
154,249,0.15555555555555556,0.022222222222222223,14,15,90,0
154,250,0.17777777777777778,0.0,14,15,90,0
154,276,0.6888888888888889,0.0,47,48,90,0
154,285,0.28888888888888886,0.0,28,29,90,0
154,291,0.6777777777777778,0.011111111111111112,7,8,90,0
154,321,0.32222222222222224,0.011111111111111112,21,22,90,0
154,345,0.6777777777777778,0.0,7,8,90,0
154,348,0.8111111111111111,0.022222222222222223,9,10,90,0
154,374,0.2777777777777778,0.011111111111111112,18,19,90,0
154,379,0.32222222222222224,0.03333333333333333,26,27,90,0
154,405,0.3,0.022222222222222223,17,18,90,0
154,422,0.5666666666666667,0.0,31,32,90,0
154,424,0.16666666666666666,0.044444444444444446,12,13,90,0
154,425,0.23333333333333334,0.011111111111111112,16,17,90,0
154,453,0.5444444444444444,0.011111111111111112,13,14,90,0
154,476,0.3,0.07777777777777778,24,25,90,0
154,496,0.34444444444444444,0.0,19,20,90,0
154,506,0.6666666666666666,0.03333333333333333,47,48,90,0
154,527,0.26666666666666666,0.12222222222222222,7,8,90,0
154,556,0.16666666666666666,0.011111111111111112,18,19,90,0
154,578,0.7666666666666667,0.011111111111111112,38,39,90,0
154,580,0.32222222222222224,0.0,29,30,90,0
154,596,0.7777777777777778,0.0,15,16,90,0
154,600,0.2,0.011111111111111112,16,17,90,0
154,623,0.5666666666666667,0.0,11,12,90,0
154,625,0.2111111111111111,0.011111111111111112,14,15,90,0
154,627,0.6333333333333333,0.044444444444444446,15,16,90,0
154,631,0.24444444444444444,0.0,7,8,90,0
154,636,0.43333333333333335,0.0,13,14,90,0
154,644,0.7222222222222222,0.022222222222222223,9,10,90,0
154,650,0.8333333333333334,0.06666666666666667,7,8,90,0
154,670,0.3,0.011111111111111112,9,10,90,0
154,686,0.7333333333333333,0.0,10,11,90,0
154,707,0.5666666666666667,0.0,24,25,90,0
154,717,0.5333333333333333,0.022222222222222223,9,10,90,0
154,775,0.6555555555555556,0.0,6,7,90,0
154,776,0.5333333333333333,0.1,15,16,90,0
154,785,0.45555555555555555,0.011111111111111112,23,24,90,0
154,819,0.3888888888888889,0.044444444444444446,15,16,90,0
154,830,0.6555555555555556,0.12222222222222222,23,24,90,0
154,837,0.3111111111111111,0.0,32,33,90,0
154,841,0.18888888888888888,0.0,16,17,90,0
154,858,0.37777777777777777,0.03333333333333333,29,30,90,0
154,859,0.18888888888888888,0.022222222222222223,7,8,90,0
182,7,0.15555555555555556,0.022222222222222223,7,8,90,0
182,11,0.7444444444444445,0.0,30,31,90,0
182,12,0.35555555555555557,0.0,14,15,90,0
182,21,0.37777777777777777,0.0,28,29,90,0
182,58,0.15555555555555556,0.011111111111111112,8,9,90,0
182,99,0.6,0.022222222222222223,18,19,90,0
182,100,0.18888888888888888,0.0,24,25,90,0
182,105,0.23333333333333334,0.044444444444444446,13,14,90,0
182,108,0.4666666666666667,0.03333333333333333,9,10,90,0
182,109,0.23333333333333334,0.0,25,26,90,0
182,122,0.43333333333333335,0.0,10,11,90,0
182,133,0.5,0.022222222222222223,17,18,90,0
182,151,0.7,0.0,7,8,90,0
182,200,0.6555555555555556,0.011111111111111112,11,12,90,0
182,220,0.8,0.0,35,36,90,0
182,247,0.45555555555555555,0.011111111111111112,15,16,90,0
182,250,0.16666666666666666,0.0,14,15,90,0
182,258,0.23333333333333334,0.0,18,19,90,0
182,276,0.6333333333333333,0.011111111111111112,51,52,90,0
182,285,0.3333333333333333,0.022222222222222223,28,29,90,0
182,291,0.6777777777777778,0.0,7,8,90,0
182,321,0.3,0.011111111111111112,26,27,90,0
182,345,0.6777777777777778,0.0,7,8,90,0
182,368,0.6111111111111112,0.011111111111111112,47,48,90,0
182,374,0.24444444444444444,0.011111111111111112,20,21,90,0
182,387,0.37777777777777777,0.0,6,7,90,0
182,405,0.2,0.03333333333333333,11,12,90,0
182,411,0.8333333333333334,0.08888888888888889,16,17,90,0
182,415,0.16666666666666666,0.0,18,19,90,0
182,419,0.34444444444444444,0.0,11,12,90,0
182,422,0.7444444444444445,0.0,39,40,90,0
182,424,0.18888888888888888,0.022222222222222223,16,17,90,0
182,425,0.23333333333333334,0.0,16,17,90,0
182,426,0.17777777777777778,0.0,18,19,90,0
182,452,0.6888888888888889,0.011111111111111112,52,53,90,0
182,467,0.36666666666666664,0.044444444444444446,36,37,90,0
182,473,0.4,0.0,14,15,90,0
182,476,0.2777777777777778,0.03333333333333333,24,25,90,0
182,496,0.4111111111111111,0.0,19,20,90,0
182,506,0.7222222222222222,0.0,47,48,90,0
182,554,0.37777777777777777,0.044444444444444446,7,8,90,0
182,556,0.2,0.0,22,23,90,0
182,578,0.5777777777777777,0.0,26,27,90,0
182,592,0.3,0.0,17,18,90,0
182,596,0.7333333333333333,0.0,20,21,90,0
182,627,0.6555555555555556,0.07777777777777778,19,20,90,0
182,631,0.24444444444444444,0.0,7,8,90,0
182,636,0.4666666666666667,0.0,9,10,90,0
182,644,0.6666666666666666,0.0,9,10,90,0
182,650,0.8222222222222222,0.1,7,8,90,0
182,684,0.28888888888888886,0.0,9,10,90,0
182,686,0.6555555555555556,0.0,11,12,90,0
182,706,0.34444444444444444,0.0,39,40,90,0
182,717,0.5333333333333333,0.011111111111111112,11,12,90,0
182,764,0.5555555555555556,0.022222222222222223,13,14,90,0
182,785,0.4444444444444444,0.011111111111111112,19,20,90,0
182,793,0.2,0.05555555555555555,13,14,90,0
182,819,0.37777777777777777,0.1111111111111111,13,14,90,0
182,825,0.4666666666666667,0.03333333333333333,21,22,90,0
182,841,0.2,0.0,20,21,90,0
182,858,0.3333333333333333,0.0,21,22,90,0
235,9,0.16666666666666666,0.011111111111111112,6,7,90,0
235,12,0.35555555555555557,0.022222222222222223,14,15,90,0
235,15,0.5111111111111111,0.022222222222222223,15,16,90,0
235,21,0.3333333333333333,0.011111111111111112,24,25,90,0
235,74,0.15555555555555556,0.0,16,17,90,0
235,94,0.3333333333333333,0.011111111111111112,9,10,90,0
235,98,0.4111111111111111,0.06666666666666667,15,16,90,0
235,99,0.5666666666666667,0.0,10,11,90,0
235,100,0.25555555555555554,0.011111111111111112,26,27,90,0
235,104,0.7222222222222222,0.0,8,9,90,0
235,105,0.18888888888888888,0.011111111111111112,6,7,90,0
235,108,0.4777777777777778,0.022222222222222223,11,12,90,0
235,109,0.16666666666666666,0.0,13,14,90,0
235,121,0.5333333333333333,0.011111111111111112,37,38,90,0
235,122,0.3888888888888889,0.0,10,11,90,0
235,133,0.5,0.0,15,16,90,0
235,220,0.8,0.011111111111111112,35,36,90,0
235,247,0.4,0.03333333333333333,9,10,90,0
235,250,0.17777777777777778,0.0,14,15,90,0
235,257,0.4666666666666667,0.022222222222222223,30,31,90,0
235,258,0.15555555555555556,0.0,10,11,90,0
235,285,0.32222222222222224,0.011111111111111112,30,31,90,0
235,291,0.6777777777777778,0.011111111111111112,7,8,90,0
235,345,0.6777777777777778,0.0,7,8,90,0
235,348,0.8,0.022222222222222223,11,12,90,0
235,373,0.5777777777777777,0.011111111111111112,9,10,90,0
235,374,0.2111111111111111,0.0,14,15,90,0
235,379,0.2,0.07777777777777778,12,13,90,0
235,411,0.7555555555555555,0.1,9,10,90,0
235,421,0.5333333333333333,0.044444444444444446,45,46,90,0
235,422,0.4666666666666667,0.0,30,31,90,0
235,424,0.17777777777777778,0.0,12,13,90,0
235,425,0.23333333333333334,0.0,16,17,90,0
235,476,0.32222222222222224,0.044444444444444446,26,27,90,0
235,496,0.24444444444444444,0.0,7,8,90,0
235,506,0.6444444444444445,0.011111111111111112,45,46,90,0
235,525,0.3333333333333333,0.0,21,22,90,0
235,536,0.4888888888888889,0.16666666666666666,13,14,90,0
235,556,0.17777777777777778,0.0,18,19,90,0
235,578,0.4888888888888889,0.011111111111111112,23,24,90,0
235,580,0.28888888888888886,0.0,29,30,90,0
235,592,0.25555555555555554,0.022222222222222223,15,16,90,0
235,596,0.7555555555555555,0.0,17,18,90,0
235,625,0.2111111111111111,0.011111111111111112,14,15,90,0
235,629,0.7555555555555555,0.0,9,10,90,0
235,636,0.43333333333333335,0.011111111111111112,7,8,90,0
235,644,0.7333333333333333,0.0,11,12,90,0
235,650,0.8333333333333334,0.08888888888888889,7,8,90,0
235,670,0.28888888888888886,0.0,7,8,90,0
235,673,0.34444444444444444,0.022222222222222223,15,16,90,0
235,684,0.28888888888888886,0.0,9,10,90,0
235,698,0.4,0.18888888888888888,23,24,90,0
235,706,0.32222222222222224,0.0,30,31,90,0
235,715,0.3333333333333333,0.03333333333333333,9,10,90,0
235,717,0.5222222222222223,0.022222222222222223,9,10,90,0
235,734,0.17777777777777778,0.03333333333333333,18,19,90,0
235,763,0.6666666666666666,0.0,17,18,90,0
235,764,0.5333333333333333,0.022222222222222223,11,12,90,0
235,765,0.2,0.0,21,22,90,0
235,797,0.8222222222222222,0.044444444444444446,7,8,90,0
235,825,0.43333333333333335,0.011111111111111112,17,18,90,0
235,841,0.23333333333333334,0.011111111111111112,18,19,90,0
235,858,0.35555555555555557,0.0,20,21,90,0
343,5,0.7777777777777778,0.022222222222222223,7,8,90,0
343,12,0.36666666666666664,0.011111111111111112,16,17,90,0
343,21,0.35555555555555557,0.022222222222222223,31,32,90,0
343,23,0.16666666666666666,0.0,7,8,90,0
343,28,0.32222222222222224,0.0,7,8,90,0
343,38,0.43333333333333335,0.022222222222222223,24,25,90,0
343,41,0.5777777777777777,0.044444444444444446,8,9,90,0
343,58,0.2111111111111111,0.011111111111111112,17,18,90,0
343,67,0.2222222222222222,0.0,27,28,90,0
343,94,0.36666666666666664,0.03333333333333333,15,16,90,0
343,98,0.5222222222222223,0.03333333333333333,20,21,90,0
343,99,0.5666666666666667,0.011111111111111112,10,11,90,0
343,104,0.7,0.0,6,7,90,0
343,108,0.4888888888888889,0.022222222222222223,9,10,90,0
343,109,0.16666666666666666,0.0,19,20,90,0
343,122,0.45555555555555555,0.0,8,9,90,0
343,140,0.8222222222222222,0.011111111111111112,6,7,90,0
343,155,0.6666666666666666,0.011111111111111112,49,50,90,0
343,189,0.2777777777777778,0.0,17,18,90,0
343,200,0.6222222222222222,0.011111111111111112,9,10,90,0
343,220,0.8,0.011111111111111112,35,36,90,0
343,247,0.43333333333333335,0.0,17,18,90,0
343,249,0.17777777777777778,0.022222222222222223,16,17,90,0
343,250,0.2,0.0,12,13,90,0
343,257,0.37777777777777777,0.03333333333333333,21,22,90,0
343,276,0.7,0.03333333333333333,45,46,90,0
343,291,0.6777777777777778,0.011111111111111112,7,8,90,0
343,345,0.6777777777777778,0.0,7,8,90,0
343,373,0.5666666666666667,0.011111111111111112,7,8,90,0
343,380,0.7555555555555555,0.07777777777777778,35,36,90,0
343,387,0.37777777777777777,0.011111111111111112,6,7,90,0
343,411,0.7333333333333333,0.06666666666666667,11,12,90,0
343,419,0.25555555555555554,0.0,10,11,90,0
343,422,0.4888888888888889,0.0,38,39,90,0
343,424,0.2111111111111111,0.0,20,21,90,0
343,425,0.23333333333333334,0.011111111111111112,16,17,90,0
343,429,0.5555555555555556,0.0,42,43,90,0
343,467,0.2222222222222222,0.08888888888888889,23,24,90,0
343,473,0.36666666666666664,0.011111111111111112,12,13,90,0
343,486,0.7888888888888889,0.0,6,7,90,0
343,496,0.36666666666666664,0.0,17,18,90,0
343,536,0.4444444444444444,0.18888888888888888,17,18,90,0
343,548,0.6,0.0,37,38,90,0
343,556,0.15555555555555556,0.03333333333333333,16,17,90,0
343,596,0.7777777777777778,0.0,14,15,90,0
343,608,0.3333333333333333,0.03333333333333333,17,18,90,0
343,627,0.6333333333333333,0.022222222222222223,15,16,90,0
343,631,0.25555555555555554,0.0,9,10,90,0
343,636,0.4888888888888889,0.0,15,16,90,0
343,644,0.7555555555555555,0.0,15,16,90,0
343,650,0.8222222222222222,0.07777777777777778,7,8,90,0
343,670,0.32222222222222224,0.0,8,9,90,0
343,715,0.3333333333333333,0.044444444444444446,6,7,90,0
343,717,0.5777777777777777,0.044444444444444446,11,12,90,0
343,738,0.32222222222222224,0.011111111111111112,7,8,90,0
343,740,0.3333333333333333,0.0,18,19,90,0
343,765,0.28888888888888886,0.022222222222222223,19,20,90,0
343,776,0.4888888888888889,0.08888888888888889,20,21,90,0
343,793,0.23333333333333334,0.011111111111111112,21,22,90,0
343,794,0.4111111111111111,0.06666666666666667,21,22,90,0
343,823,0.34444444444444444,0.03333333333333333,28,29,90,0
343,825,0.43333333333333335,0.044444444444444446,17,18,90,0
343,841,0.2222222222222222,0.011111111111111112,16,17,90,0
343,858,0.28888888888888886,0.03333333333333333,18,19,90,0
