band,Method,n,MAE,MSE,RMSE,WAPE_pct
deep,Random Forest,241,0.5421591403340634,0.790369297477273,0.8890271635204815,32.68469902454204
deep,CatBoost,241,0.5351766925128164,0.7489002573569603,0.8653902341469774,32.26375397628296
deep,RF + CatBoost (50/50),241,0.5325360122056944,0.7599426642026369,0.8717469037528248,32.10455746987501
moderate,Random Forest,757,0.30258117272901064,0.19414383093435253,0.4406175563165323,30.342692015507033
moderate,CatBoost,757,0.29494466971605227,0.18085363834803223,0.42526890122372246,29.576907228212264
moderate,RF + CatBoost (50/50),757,0.2964466845328733,0.1840934381629388,0.4290611123871969,29.72752853944086
none_or_light,Random Forest,1186,0.23616067296676957,0.10970261853138118,0.3312138561886884,29.150176734793376
none_or_light,CatBoost,1186,0.23296663721864314,0.10844982446254821,0.32931720948433324,28.75592520516535
none_or_light,RF + CatBoost (50/50),1186,0.2316065853471378,0.10575740235871943,0.32520363214256914,28.588049021866848
