Method,CV_MAE,selected_by_validation,MAE,MSE,RMSE,WAPE_pct
Ridge,0.31505853006634604,False,0.30754052845731333,0.25313402597104057,0.5031242649396276,31.750020758820533
Decision Tree,0.3217903760264024,False,0.3139349201263708,0.2438320409593069,0.493793520572422,32.410168119726116
Random Forest,0.3037155823729482,False,0.29294911113322303,0.21408112925253928,0.4626890200259125,30.24362482048883
HistGBR,0.3055201011332822,False,0.2891758676473495,0.20634647919721727,0.4542537607958984,29.854080848494267
CatBoost,0.30378645430529244,False,0.2877972205182926,0.2042182500297939,0.4519051338829798,29.711751396222674
RF + CatBoost (50/50),0.3014047338421128,True,0.28728787974114606,0.20509761628187792,0.4528770432268321,29.659167821859853
RF + HistGBR + CatBoost (equal),0.30154579002331905,False,0.28638666767466864,0.20303831272928746,0.4505977282779924,29.566128046054406
All five models (equal),0.30232255898727634,False,0.2888627850266015,0.20896423419948174,0.4571260594184953,29.82175867047813
HistGBR 25% + CatBoost 75%,0.30312436041065743,False,0.2872305316357542,0.20330811932506504,0.4508970163186546,29.653247289870773
HistGBR 50% + CatBoost 50%,0.30314498002001267,False,0.28722790450079233,0.20335944728472602,0.4509539303351574,29.65297606841585
HistGBR 75% + CatBoost 25%,0.3039882317164228,False,0.2879065054850914,0.20437223390877673,0.4520754736863931,29.723033811525443
RF 25% + CatBoost 75%,0.30205266830437133,False,0.287019245539748,0.20364491481601377,0.45127033451802895,29.63143443168295
RF 25% + HistGBR 25% + CatBoost 50%,0.3016756247079915,False,0.286431182667381,0.20281023190062752,0.45034457019112323,29.57072370682727
RF 25% + HistGBR 50% + CatBoost 25%,0.3020509134044151,False,0.2865981339791267,0.20293700764963107,0.4504853023680474,29.587959508691267
RF 25% + HistGBR 75%,0.30314798297696,False,0.28741717370730574,0.20402524206302444,0.4516915341945479,29.672515936107274
RF 50% + HistGBR 25% + CatBoost 25%,0.30141193484952294,False,0.28676248338546734,0.2043383811558343,0.45203803065210596,29.604926693761765
RF 50% + HistGBR 50%,0.30209876930672497,False,0.2869354930349906,0.20454060469418048,0.4522616551225413,29.62278794928927
RF 75% + CatBoost 25%,0.3020415546982839,False,0.28924404143471655,0.20857635442738642,0.4567016032678081,29.861119007578434
RF 75% + HistGBR 25%,0.3022724895095247,False,0.28863408865480844,0.2078925670906854,0.4559523737087958,29.79814840165171
