model,fold,mae,rmse,wape,n
7-day mean,1,0.30866104133961275,0.45570118594086145,0.336541266299088,2184
7-day mean,2,0.3159033228676085,0.49845728306550063,0.33894673456554447,2184
7-day mean,3,0.3624215070643642,0.6015993407897017,0.36219430642343015,2184
7-day mean,4,0.32690345368916796,0.5147465575062438,0.3544900512686654,2184
7-day mean,5,0.32809392987964414,0.5173642559573516,0.3313329215809969,2184
Same weekday,1,0.3853525641025642,0.5964649755291311,0.420160054316624,2184
Same weekday,2,0.3868452380952381,0.5920971064922405,0.4150634727244144,2184
Same weekday,3,0.4455815018315018,0.7472401296472985,0.44530216851151067,2184
Same weekday,4,0.43516025641025646,0.7121946360607468,0.471882385652718,2184
Same weekday,5,0.4221657509157509,0.6571365414173329,0.42633343351906233,2184
