contrast,fold,reference,changed,reference_mae,changed_mae,mae_delta,rmse_delta
Add eight history features,1,Base 10 / RMSE,History 18 / RMSE,0.289345433803021,0.28461913670110306,-0.0047262971019179645,-0.011405566459614658
Add eight history features,2,Base 10 / RMSE,History 18 / RMSE,0.2922642270799137,0.2851449224645594,-0.0071193046153542605,-0.00885913238535152
Add eight history features,3,Base 10 / RMSE,History 18 / RMSE,0.3377667119283859,0.32590364983029724,-0.011863062098088684,-0.02295128783346667
Add eight history features,4,Base 10 / RMSE,History 18 / RMSE,0.295457007435847,0.2872596969040529,-0.008197310531794122,-0.009414153254384883
Add eight history features,5,Base 10 / RMSE,History 18 / RMSE,0.30790705265004426,0.30612042569251824,-0.0017866269575260163,-0.0013798964157342164
Add store and product IDs,1,History 18 / RMSE,Full 20 / RMSE,0.28461913670110306,0.28213007291577463,-0.002489063785328427,-0.006095017040448958
Add store and product IDs,2,History 18 / RMSE,Full 20 / RMSE,0.2851449224645594,0.28625946216989073,0.0011145397053313189,0.0023838464553602168
Add store and product IDs,3,History 18 / RMSE,Full 20 / RMSE,0.32590364983029724,0.3270483330749892,0.0011446832446919686,0.0007470342117439355
Add store and product IDs,4,History 18 / RMSE,Full 20 / RMSE,0.2872596969040529,0.28567521263240586,-0.0015844842716470353,-0.002288213067019984
Add store and product IDs,5,History 18 / RMSE,Full 20 / RMSE,0.30612042569251824,0.3046444363483594,-0.0014759893441588234,-0.0010411638050371597
Change RMSE loss to MAE,1,Full 20 / RMSE,Full 20 / MAE,0.28213007291577463,0.28144094161601135,-0.0006891312997632792,0.0002147267819272436
Change RMSE loss to MAE,2,Full 20 / RMSE,Full 20 / MAE,0.28625946216989073,0.2807269072171595,-0.00553255495273125,-0.007577079630824712
Change RMSE loss to MAE,3,Full 20 / RMSE,Full 20 / MAE,0.3270483330749892,0.324116707932208,-0.0029316251427812245,-0.003956965112011268
Change RMSE loss to MAE,4,Full 20 / RMSE,Full 20 / MAE,0.28567521263240586,0.2803062893513819,-0.005368923281023952,-0.005309561640296445
Change RMSE loss to MAE,5,Full 20 / RMSE,Full 20 / MAE,0.3046444363483594,0.3058823821337858,0.0012379457854264087,0.011459710437574266
Remove proposed target-day discount,1,Full 20 / MAE,No proposed discount / MAE,0.28144094161601135,0.2898208850862066,0.008379943470195272,0.008423619002725258
Remove proposed target-day discount,2,Full 20 / MAE,No proposed discount / MAE,0.2807269072171595,0.30300595168751254,0.02227904447035306,0.05754337416708788
Remove proposed target-day discount,3,Full 20 / MAE,No proposed discount / MAE,0.324116707932208,0.35805418824845053,0.03393748031624255,0.09951147683306272
Remove proposed target-day discount,4,Full 20 / MAE,No proposed discount / MAE,0.2803062893513819,0.2876559908091881,0.007349701457806168,0.01817864698827293
Remove proposed target-day discount,5,Full 20 / MAE,No proposed discount / MAE,0.3058823821337858,0.315501913925375,0.009619531791589198,0.01848881873618874
Remove previous-day activity,1,Full 20 / MAE,No previous activity / MAE,0.28144094161601135,0.2821382926455471,0.0006973510295357199,0.0018824401267159008
Remove previous-day activity,2,Full 20 / MAE,No previous activity / MAE,0.2807269072171595,0.2802735425750287,-0.00045336464213080463,0.0008268291640897707
Remove previous-day activity,3,Full 20 / MAE,No previous activity / MAE,0.324116707932208,0.3252157695893089,0.0010990616571009415,0.00601318012383667
Remove previous-day activity,4,Full 20 / MAE,No previous activity / MAE,0.2803062893513819,0.2817682172104737,0.0014619278590917717,0.005652228245050073
Remove previous-day activity,5,Full 20 / MAE,No previous activity / MAE,0.3058823821337858,0.30747829875590377,0.0015959166221179433,0.0067111227817808206
Remove both action/context fields,1,Full 20 / MAE,No proposed discount or previous activity / MAE,0.28144094161601135,0.2887723877299625,0.0073314461139511455,0.005093915165933827
Remove both action/context fields,2,Full 20 / MAE,No proposed discount or previous activity / MAE,0.2807269072171595,0.30283196054186046,0.022105053324700974,0.05769833946990499
Remove both action/context fields,3,Full 20 / MAE,No proposed discount or previous activity / MAE,0.324116707932208,0.35920865372430333,0.03509194579209535,0.10243700744604256
Remove both action/context fields,4,Full 20 / MAE,No proposed discount or previous activity / MAE,0.2803062893513819,0.2876325592001011,0.007326269848719202,0.019510144723873746
Remove both action/context fields,5,Full 20 / MAE,No proposed discount or previous activity / MAE,0.3058823821337858,0.31377772640115503,0.007895344267369209,0.0162497093398824
