variant,fold,mae,rmse,wape,n
Base 10 / RMSE,1,0.289345433803021,0.44936882860153216,0.31548095045395214,2184
Base 10 / RMSE,2,0.2922642270799137,0.4402885520436206,0.31358329662323703,2184
Base 10 / RMSE,3,0.3377667119283859,0.5404090871602983,0.3375549672831579,2184
Base 10 / RMSE,4,0.295457007435847,0.4530109751302779,0.320389914917226,2184
Base 10 / RMSE,5,0.30790705265004426,0.47797291185031376,0.31094675651986997,2184
History 18 / RMSE,1,0.28461913670110306,0.4379632621419175,0.3103277441902725,2184
History 18 / RMSE,2,0.2851449224645594,0.4314294196582691,0.30594467785263607,2184
History 18 / RMSE,3,0.32590364983029724,0.5174577993268317,0.3256993420928123,2184
History 18 / RMSE,4,0.2872596969040529,0.443596821875893,0.3115008530309485,2184
History 18 / RMSE,5,0.30612042569251824,0.47659301543457955,0.309142491717319,2184
Full 20 / RMSE,1,0.28213007291577463,0.43186824510146854,0.30761385236065225,2184
Full 20 / RMSE,2,0.28625946216989073,0.4338132661136293,0.30714051710572304,2184
Full 20 / RMSE,3,0.3270483330749892,0.5182048335385756,0.3268433077400058,2184
Full 20 / RMSE,4,0.28567521263240586,0.441308608808873,0.30978265793587734,2184
Full 20 / RMSE,5,0.3046444363483594,0.4755518516295424,0.3076519311885035,2184
Full 20 / MAE,1,0.28144094161601135,0.4320829718833958,0.30686247434656244,2184
Full 20 / MAE,2,0.2807269072171595,0.4262361864828046,0.30120439266736576,2184
Full 20 / MAE,3,0.324116707932208,0.5142478684265643,0.3239135204216871,2184
Full 20 / MAE,4,0.2803062893513819,0.43599904716857657,0.3039606641096592,2184
Full 20 / MAE,5,0.3058823821337858,0.48701156206711665,0.30890209815744035,2184
No proposed discount / MAE,1,0.2898208850862066,0.44050659088612104,0.31599934751570097,2184
No proposed discount / MAE,2,0.30300595168751254,0.48377956064989247,0.3251085710214232,2184
No proposed discount / MAE,3,0.35805418824845053,0.613759345259627,0.35782972546278935,2184
No proposed discount / MAE,4,0.2876559908091881,0.4541776941568495,0.311930589227258,2184
No proposed discount / MAE,5,0.315501913925375,0.5055003808033054,0.31861659538668724,2184
No previous activity / MAE,1,0.2821382926455471,0.4339654120101117,0.3076228145486053,2184
No previous activity / MAE,2,0.2802735425750287,0.42706301564689436,0.30071795756556685,2184
No previous activity / MAE,3,0.3252157695893089,0.520261048550401,0.3250118930812863,2184
No previous activity / MAE,4,0.2817682172104737,0.44165127541362664,0.3055459605507709,2184
No previous activity / MAE,5,0.30747829875590377,0.4937226848488975,0.31051376990400387,2184
No proposed discount or previous activity / MAE,1,0.2887723877299625,0.4371768870493296,0.31485614322127436,2184
No proposed discount or previous activity / MAE,2,0.30283196054186046,0.4839345259527096,0.32492188817767614,2184
No proposed discount or previous activity / MAE,3,0.35920865372430333,0.6166848758726069,0.35898346720870083,2184
No proposed discount or previous activity / MAE,4,0.2876325592001011,0.4555091918924503,0.3119051802809382,2184
No proposed discount or previous activity / MAE,5,0.31377772640115503,0.5032612714069991,0.3168753864287438,2184
