variant,fold,training_rows,validation_rows,training_max_date,validation_min_date,seconds
Base 10 / RMSE,1,14976,2184,2024-05-21,2024-05-22,0.5384513329991023
Base 10 / RMSE,2,17160,2184,2024-05-28,2024-05-29,0.47839229199962574
Base 10 / RMSE,3,19344,2184,2024-06-04,2024-06-05,0.49661141699834843
Base 10 / RMSE,4,21528,2184,2024-06-11,2024-06-12,0.6553080000012415
Base 10 / RMSE,5,23712,2184,2024-06-18,2024-06-19,0.5157220410001173
History 18 / RMSE,1,14976,2184,2024-05-21,2024-05-22,0.5074284589973104
History 18 / RMSE,2,17160,2184,2024-05-28,2024-05-29,0.5352526669994404
History 18 / RMSE,3,19344,2184,2024-06-04,2024-06-05,0.5555506250020699
History 18 / RMSE,4,21528,2184,2024-06-11,2024-06-12,0.5898207499994896
History 18 / RMSE,5,23712,2184,2024-06-18,2024-06-19,0.6132242919993587
Full 20 / RMSE,1,14976,2184,2024-05-21,2024-05-22,1.2354998329974478
Full 20 / RMSE,2,17160,2184,2024-05-28,2024-05-29,1.2300644999995711
Full 20 / RMSE,3,19344,2184,2024-06-04,2024-06-05,1.2758809580009256
Full 20 / RMSE,4,21528,2184,2024-06-11,2024-06-12,1.3380939169983321
Full 20 / RMSE,5,23712,2184,2024-06-18,2024-06-19,1.4901959579983668
Full 20 / MAE,1,14976,2184,2024-05-21,2024-05-22,1.4602984999983164
Full 20 / MAE,2,17160,2184,2024-05-28,2024-05-29,1.5645614589993784
Full 20 / MAE,3,19344,2184,2024-06-04,2024-06-05,1.7062496669968823
Full 20 / MAE,4,21528,2184,2024-06-11,2024-06-12,1.851072124998609
Full 20 / MAE,5,23712,2184,2024-06-18,2024-06-19,2.1551134169967554
No proposed discount / MAE,1,14976,2184,2024-05-21,2024-05-22,1.4017713329994876
No proposed discount / MAE,2,17160,2184,2024-05-28,2024-05-29,1.714129292002326
No proposed discount / MAE,3,19344,2184,2024-06-04,2024-06-05,1.6823915409986512
No proposed discount / MAE,4,21528,2184,2024-06-11,2024-06-12,1.840409374999581
No proposed discount / MAE,5,23712,2184,2024-06-18,2024-06-19,2.04215991700039
No previous activity / MAE,1,14976,2184,2024-05-21,2024-05-22,1.507551708000392
No previous activity / MAE,2,17160,2184,2024-05-28,2024-05-29,1.6715195830001903
No previous activity / MAE,3,19344,2184,2024-06-04,2024-06-05,1.7382961250004882
No previous activity / MAE,4,21528,2184,2024-06-11,2024-06-12,1.8500882500011357
No previous activity / MAE,5,23712,2184,2024-06-18,2024-06-19,1.992544958000508
No proposed discount or previous activity / MAE,1,14976,2184,2024-05-21,2024-05-22,1.3836966249982652
No proposed discount or previous activity / MAE,2,17160,2184,2024-05-28,2024-05-29,1.5221056250011316
No proposed discount or previous activity / MAE,3,19344,2184,2024-06-04,2024-06-05,1.7022256669988565
No proposed discount or previous activity / MAE,4,21528,2184,2024-06-11,2024-06-12,1.9178461250012333
No proposed discount or previous activity / MAE,5,23712,2184,2024-06-18,2024-06-19,1.9695769999998447
