scenario,changed_parameters,rows,discount_count,full_price_count,review_count,discount_share,full_price_share,review_share,discount_share_nonstockout,mean_recommended_rate
Saved policy,{},2184,1179,0,1005,0.5398351648351648,0.0,0.46016483516483514,0.9687756778964667,0.8044529262086514
Sales gain >=10%,"{""min_sales_gain"": 0.1}",2184,1146,5,1033,0.5247252747252747,0.0022893772893772895,0.47298534798534797,0.9416598192276089,0.8017015706806283
Sales gain >=20%,"{""min_sales_gain"": 0.2}",2184,994,64,1126,0.4551282051282051,0.029304029304029304,0.5155677655677655,0.8167625308134757,0.790291750503018
Value floor >=100%,"{""min_value_share"": 1.0}",2184,1158,4,1022,0.5302197802197802,0.0018315018315018315,0.46794871794871795,0.9515201314708299,0.8122193436960276
Value floor >=105%,"{""min_value_share"": 1.05}",2184,1055,48,1081,0.48305860805860806,0.02197802197802198,0.49496336996337,0.866885784716516,0.8213744075829383
Support >=5 days,"{""min_support_days"": 5}",2184,1164,0,1020,0.532967032967033,0.0,0.46703296703296704,0.9564502875924404,0.8263745704467353
Support >=10 days,"{""min_support_days"": 10}",2184,926,0,1258,0.423992673992674,0.0,0.576007326007326,0.7608874281018899,0.8523218142548596
Milder within 5%,"{""near_optimal_sales_tolerance"": 0.05}",2184,1179,0,1005,0.5398351648351648,0.0,0.46016483516483514,0.9687756778964667,0.8144189991518236
Review at >=4h stockout,"{""stockout_hours_review_threshold"": 4}",2184,1329,0,855,0.6085164835164835,0.0,0.3914835164835165,0.9687756778964667,0.8044018058690745
Review at >=8h stockout,"{""stockout_hours_review_threshold"": 8}",2184,1699,0,485,0.7779304029304029,0.0,0.22206959706959706,0.9687756778964667,0.8071512654502648
