depth,learning_rate,iterations,fold,mae,wape,mse
3,0.01,300,1,0.30258458783937137,0.3299159489389722,0.22029528410143123
3,0.01,300,2,0.307426338243909,0.32985140048965245,0.21896250775552759
3,0.01,300,3,0.3494885530606014,0.3492694600385077,0.29449638310219856
3,0.01,300,4,0.3222311923284934,0.3494235089896078,0.26808229875987916
3,0.01,300,5,0.3353860592742752,0.3386970399533059,0.3050982889102696
3,0.01,500,1,0.29220497621005637,0.31859878488658067,0.20224360191697488
3,0.01,500,2,0.298227965904704,0.3199820574280153,0.2008302882294864
3,0.01,500,3,0.340013043800514,0.3397998909385242,0.2748081148049895
3,0.01,500,4,0.30897675214175785,0.33505055841870035,0.2374707245638378
3,0.01,500,5,0.3188699595370991,0.32201789084180266,0.25971059520709355
3,0.01,1000,1,0.2889237327280415,0.3150211586604774,0.1951859897528416
3,0.01,1000,2,0.29416953110744837,0.3156275821110415,0.1915689640519629
3,0.01,1000,3,0.33434270890016693,0.33413311074919333,0.2691267357948546
3,0.01,1000,4,0.2992731723409462,0.3245281168162631,0.21092831913653395
3,0.01,1000,5,0.30975519122110384,0.3128131401876822,0.23254020746180917
3,0.02,300,1,0.29026421178038464,0.3164827182916024,0.19829732915143342
3,0.02,300,2,0.2964111968393475,0.31803276504143163,0.1969099732704954
3,0.02,300,3,0.3381345737418983,0.33792259848552236,0.270750697464262
3,0.02,300,4,0.3061078302475914,0.3319395350940099,0.23009411867828597
3,0.02,300,5,0.31535833728309515,0.31847160133460334,0.24934461362436672
3,0.02,500,1,0.28906807168940535,0.31517853523324757,0.1956305253686739
3,0.02,500,2,0.29398561584079297,0.3154302512361912,0.19098097282615337
3,0.02,500,3,0.3341922566458565,0.3339827528128192,0.26709802207002253
3,0.02,500,4,0.29933855320838243,0.3245990150181263,0.21118235008842995
3,0.02,500,5,0.3093758122730539,0.312430015954662,0.23130895858909478
3,0.02,1000,1,0.2901689275459992,0.3163788273802025,0.19955005849814028
3,0.02,1000,2,0.29238138957575854,0.31370900547941394,0.1900212705431222
3,0.02,1000,3,0.33229822245166135,0.33208990598133425,0.2694574686156162
3,0.02,1000,4,0.2955397994816692,0.320479693585016,0.20013574408792842
3,0.02,1000,5,0.30642868399620493,0.30945379319247757,0.2233580491423172
3,0.03,300,1,0.2893753898733736,0.3155136123467716,0.19714895981067074
3,0.03,300,2,0.2943630123739908,0.31583517677291106,0.1920367376806208
3,0.03,300,3,0.3364365177197403,0.33622560696811654,0.2732593884516908
3,0.03,300,4,0.3008268938120771,0.32621295311194237,0.21488626863188054
3,0.03,300,5,0.3102106937832608,0.31327313953836344,0.2329430766860242
3,0.03,500,1,0.2897470464400684,0.315918839294238,0.19878752693644547
3,0.03,500,2,0.2927488860875772,0.3141033088425899,0.1896597922819176
3,0.03,500,3,0.3334413311451132,0.3332322980643677,0.27112474065091197
3,0.03,500,4,0.29757681655126345,0.3226886096343466,0.20501185285772477
3,0.03,500,5,0.3071721666661464,0.3102046156330723,0.22487255729741787
3,0.03,1000,1,0.2912794033455302,0.3175896084044182,0.20290500108604576
3,0.03,1000,2,0.29276496165562976,0.314120557035006,0.19257181100269172
3,0.03,1000,3,0.33513610751067363,0.33492601198118,0.2825481127687394
3,0.03,1000,4,0.2949473125663461,0.31983720812143746,0.1976280744505605
3,0.03,1000,5,0.30562881491445115,0.30864602768509075,0.22262661062975395
4,0.01,300,1,0.2966847150703961,0.3234831622028911,0.21126320015443942
4,0.01,300,2,0.3030704570768091,0.32517778172444933,0.2116222418046963
4,0.01,300,3,0.3481327019646225,0.3479144589203364,0.2953025999384018
4,0.01,300,4,0.315846814921132,0.34250036930138045,0.25304284262561083
4,0.01,300,5,0.32894589147191805,0.33219329386385643,0.2862518523392153
4,0.01,500,1,0.28941655787451986,0.3155584989031593,0.19792270980947685
4,0.01,500,2,0.2961607813388235,0.31776408310603216,0.1973076282871444
4,0.01,500,3,0.3393421339156338,0.3391294016444557,0.27802570206723853
4,0.01,500,4,0.30474726164155025,0.33046415136995577,0.22774576674716476
4,0.01,500,5,0.31472129097197094,0.31782826600826974,0.2486912482962608
4,0.01,1000,1,0.2879994816577812,0.31401342336543114,0.19487616687312717
4,0.01,1000,2,0.29253154268664594,0.3138701114347365,0.19028754692894065
4,0.01,1000,3,0.3351956614914655,0.33498552862781167,0.27653482963396425
4,0.01,1000,4,0.29712815665164943,0.322202088403012,0.20742582542901916
4,0.01,1000,5,0.30825553999328986,0.31129868418160367,0.22992869499478202
4,0.02,300,1,0.2885007781034119,0.3145600000887895,0.19499719259099904
4,0.02,300,2,0.2943782609504004,0.3158515376491877,0.19470304030770164
4,0.02,300,3,0.33631830311450084,0.33610746647115586,0.2725430776092954
4,0.02,300,4,0.3017776026102429,0.3272438899429855,0.21978041417198735
4,0.02,300,5,0.3126110424121172,0.3156971847631674,0.24068195866584427
4,0.02,500,1,0.28865684297691313,0.31473016173252966,0.19557782464985557
4,0.02,500,2,0.29262766100316684,0.3139732410543332,0.19069609303762886
4,0.02,500,3,0.3331464950501921,0.3329376468010541,0.2718081118895904
4,0.02,500,4,0.2967969463116399,0.321842928017627,0.20665231803562498
4,0.02,500,5,0.3084847228938901,0.3115301296096253,0.2285624878134089
4,0.02,1000,1,0.28965961132801366,0.3158235064877322,0.20087785175569767
4,0.02,1000,2,0.2922640326600521,0.3135830880215148,0.19257926318909627
4,0.02,1000,3,0.3342886519429602,0.334079087680084,0.2827171111858429
4,0.02,1000,4,0.29482254755372395,0.3197019144889541,0.20078692732695294
4,0.02,1000,5,0.30584873099594156,0.3088681148105965,0.22209575813786453
4,0.03,300,1,0.28883284251706653,0.31492205866858036,0.19377738177245268
4,0.03,300,2,0.2944115418055156,0.31588724615982455,0.19456622739174684
4,0.03,300,3,0.3352573963889338,0.3350472248239115,0.27491842473906847
4,0.03,300,4,0.298292389342454,0.3234645678953345,0.20889294546008566
4,0.03,300,5,0.30912141650746594,0.3121731087565282,0.2307061131803682
4,0.03,500,1,0.2889641462299771,0.31506522256649544,0.19677346699449733
4,0.03,500,2,0.2928491919832938,0.31421093150227636,0.19225820299581864
4,0.03,500,3,0.3349026894569472,0.33469274025632856,0.2808533941821186
4,0.03,500,4,0.29551680411093817,0.3204547576901596,0.20165121535298045
4,0.03,500,5,0.3063218800011355,0.309345934812605,0.22313348957855755
4,0.03,1000,1,0.29048381222409186,0.31672215444164037,0.20024673501768214
4,0.03,1000,2,0.2939662880263564,0.3154095135638866,0.19760903024157866
4,0.03,1000,3,0.33740435070729785,0.3371928332249178,0.2962659364024099
4,0.03,1000,4,0.29622705266023563,0.3212249424092643,0.20206389231674413
4,0.03,1000,5,0.30544684812183776,0.30846226448944297,0.22219894005355598
5,0.01,300,1,0.29458866104695475,0.32119777927209187,0.2078238461750691
5,0.01,300,2,0.30117473785189003,0.3231437801979483,0.21205948843698047
5,0.01,300,3,0.34704013740350864,0.3468225792837199,0.2974269652277448
5,0.01,300,4,0.31205036525391383,0.338383546361814,0.24484202698184865
5,0.01,300,5,0.324853846406756,0.3280608515258388,0.27686867591301145
5,0.01,500,1,0.2886886411173214,0.3147648320828677,0.19706932188983406
5,0.01,500,2,0.2952571818573292,0.31679457100711705,0.19943368918843726
5,0.01,500,3,0.3390373820634848,0.3388248408400641,0.2830925800539061
5,0.01,500,4,0.30262104719357824,0.32815851078964414,0.222144328403165
5,0.01,500,5,0.31288807564377974,0.31597695290778216,0.24534974212101093
5,0.01,1000,1,0.2881579807613111,0.31418623911431126,0.19641230007936689
5,0.01,1000,2,0.29323102772431275,0.3146206200626371,0.1958290770416234
5,0.01,1000,3,0.3352959963376083,0.3350858005744275,0.2820204719921311
5,0.01,1000,4,0.29613792131411776,0.321128289482847,0.2060720333880383
5,0.01,1000,5,0.3079108163096599,0.3109505573348888,0.2297390114129361
5,0.02,300,1,0.2887854411938178,0.3148703757568623,0.19697333092356878
5,0.02,300,2,0.29391944173517504,0.3153592500931567,0.19695586349047883
5,0.02,300,3,0.3368217822046348,0.3366106299321957,0.2803801552595199
5,0.02,300,4,0.2997939933952524,0.3250928887088793,0.21372781693007545
5,0.02,300,5,0.3112181676404145,0.3142905593261348,0.24074517436381332
5,0.02,500,1,0.28854670073499294,0.3146100707440202,0.19678755924556307
5,0.02,500,2,0.2926676229538503,0.3140161180097514,0.19488331151507166
5,0.02,500,3,0.33441220245945846,0.33420256074324134,0.27889433746700637
5,0.02,500,4,0.2956079593841983,0.3205536053380713,0.204590542989804
5,0.02,500,5,0.3083083008291021,0.3113519658801744,0.23187465163121826
5,0.02,1000,1,0.28924653654404503,0.3153731201666413,0.20063462182570507
5,0.02,1000,2,0.29321649265649646,0.31460502474148533,0.19782269780008574
5,0.02,1000,3,0.33509637790096697,0.33488630727781193,0.2856629801171286
5,0.02,1000,4,0.29314927280432457,0.31788743610089415,0.20004868175924656
5,0.02,1000,5,0.3066228358893719,0.3096498617817901,0.22719052699173872
5,0.03,300,1,0.28731232575582,0.3132641991796147,0.1943969229083326
5,0.03,300,2,0.2924401948760091,0.31377210030321684,0.1935287637867788
5,0.03,300,3,0.33617222578669204,0.33596148071865883,0.281213148814201
5,0.03,300,4,0.296578881588757,0.3216064613363415,0.2080904132320312
5,0.03,300,5,0.30798320843079435,0.311023664121728,0.23001132613349082
5,0.03,500,1,0.28766407976933145,0.3136477258489318,0.19783159873129585
5,0.03,500,2,0.29233770723131985,0.31366213674795757,0.19383823920238336
5,0.03,500,3,0.33562440112170466,0.33541399948283496,0.28441508772122814
5,0.03,500,4,0.29457393139534277,0.319432318209881,0.20368562315353803
5,0.03,500,5,0.30631327351928866,0.30933724336629903,0.2255615834861905
5,0.03,1000,1,0.2895650264841244,0.3157203781402186,0.20518643226183134
5,0.03,1000,2,0.2929004895808468,0.3142659709777204,0.19826961445874883
5,0.03,1000,3,0.33871789990552786,0.33850555896423623,0.2990318523307787
5,0.03,1000,4,0.29490143775631267,0.31978746204632824,0.20425868883388892
5,0.03,1000,5,0.30643462464980586,0.30945979249308775,0.22815737410142148
