depth,learning_rate,iterations,mae,wape,mse,mae_fold_std,folds_beating_baseline
4,0.03,500,0.30371094235645835,0.318753917365573,0.21893395382079453,0.018589860148188895,5
4,0.03,1500,0.30573647299657397,0.32088331026755157,0.22715697245624716,0.019209094602371548,5
4,0.1,500,0.3064873151471934,0.3216488764176882,0.22964486096088121,0.019927300176020186,5
4,0.1,1500,0.30951688568568314,0.3248468609791003,0.24238262131898286,0.01987840972917348,5
6,0.03,500,0.3046225647982901,0.31963746699872997,0.22618011285206965,0.020583098699536714,5
6,0.03,1500,0.3066801513984278,0.3218136690310005,0.2357669207429563,0.020579519102965474,5
6,0.1,500,0.3071724613189171,0.3223405402754322,0.2356379309317004,0.020077730594863306,5
6,0.1,1500,0.3103756311552336,0.3257218953997517,0.24317463778345316,0.019790512990158743,5
8,0.03,500,0.3064234012722543,0.32153981041440083,0.23635658004498242,0.01998172831688513,5
8,0.03,1500,0.30805593927038,0.3232662971423984,0.24270494841635876,0.020186749538845708,5
8,0.1,500,0.3108754611839727,0.32619825816711023,0.24919463064919062,0.02088729746888216,5
8,0.1,1500,0.31706209236770533,0.33272725361682554,0.25753157310024016,0.020883359371532847,5
