rf_weight,catboost_weight,mae,folds_beating_baseline,fold1,fold2,fold3,fold4,fold5
0.0,1.0,0.30330267860739746,5,0.28766407976933145,0.29233770723131985,0.33562440112170466,0.29457393139534277,0.30631327351928866
0.1,0.9,0.3026345092996563,5,0.2875043291232223,0.2916611583678462,0.3351440602542326,0.29342962791120086,0.30543337084177963
0.2,0.8,0.3021082833035933,5,0.2874233237324951,0.2910908982355979,0.3347368409250977,0.29240960006107297,0.3048807535637028
0.3,0.7,0.301714137972309,5,0.28739562323083884,0.2906644326689772,0.33449809610662395,0.2915471232438163,0.3044654146112885
0.4,0.6,0.30143742380254673,5,0.28745276777863576,0.29039029061051885,0.3343085566097063,0.2908303193312328,0.30420518468264013
0.5,0.5,0.30125333244820623,5,0.2875881437336044,0.29022429920710013,0.334192169858013,0.29022526277718286,0.30403678666513073
0.6,0.4,0.30117745013836966,5,0.28780310827415057,0.2901292828448368,0.334220090240972,0.2897356109117887,0.30399915842010045
0.7,0.3,0.3012621931083791,5,0.2881260386886994,0.29014581738372897,0.3343944095485172,0.2894995987734905,0.3041451011474596
0.8,0.2,0.301514074921838,5,0.2885643872430114,0.29027883806738886,0.33471180783148063,0.2894646304570574,0.30455071101025166
0.9,0.1,0.301886721368519,5,0.289076069777938,0.2905152018025443,0.33511960940273905,0.2895205185295855,0.3052022073297882
1.0,0.0,0.30243616648504135,5,0.28984105147451567,0.2908361413063935,0.3356159683578427,0.2897416631832685,0.3061460081031867
