weighting,k,mae,wape,mse,mae_fold_std,folds_beating_baseline
baseline (7-day mean),0,0.3283966509680795,0.34470105602754497,0.2701349585108769,0.020649392515139895,0
equal,3,0.3468150183150183,0.3639880206126279,0.2792822812372812,0.023018087046925133,0
equal,5,0.32978626373626374,0.34602749413422174,0.25650850293040295,0.022274180431279617,2
equal,10,0.31877243589743587,0.3344501830670781,0.24226996401098902,0.02219332182199213,5
equal,15,0.31387515262515264,0.32930735116987647,0.23832344008954007,0.022526590023488672,5
equal,25,0.3119755677655678,0.3273094225515621,0.2374649166153846,0.02278985979057885,5
equal,40,0.31226483516483516,0.32760419070328045,0.23763366389652013,0.023176621445887585,5
equal,60,0.31332739621489625,0.32871486552892903,0.2414289246362434,0.023598912828427892,5
equal,100,0.3156894963369964,0.331183612128919,0.24925344310897435,0.024035610551207908,5
sales_t,3,0.34911843711843715,0.3663668327031233,0.28900748880748883,0.023943156460694507,0
sales_t,5,0.33222197802197806,0.34865878814600426,0.26210743736263736,0.02099446998046782,1
sales_t,10,0.31937179487179485,0.3351459124185715,0.24565921868131868,0.021114127860472225,5
sales_t,15,0.3155844322344322,0.33112631969796036,0.2405665227106227,0.022805639584524667,5
sales_t,25,0.31250578754578756,0.32785403095320637,0.23678588413186813,0.02384150448160538,5
sales_t,40,0.3123907051282051,0.327736149044375,0.23756828658424908,0.023439237605852523,5
sales_t,60,0.3137243437118437,0.3291451666650821,0.24069630871235245,0.023133091678305854,5
sales_t,100,0.3166749358974359,0.3322000809928729,0.24859993469505492,0.024427246615711818,5
