weighting,k,fold,mae,wape,mse
baseline (7-day mean),0,1,0.30866104133961275,0.336541266299088,0.2076635708679076
baseline (7-day mean),0,2,0.3159033228676085,0.33894673456554447,0.2484596630410406
baseline (7-day mean),0,3,0.3624215070643642,0.36219430642343015,0.36192176683860355
baseline (7-day mean),0,4,0.32690345368916796,0.3544900512686654,0.2649640184645287
baseline (7-day mean),0,5,0.32809392987964414,0.3313329215809969,0.26766577334230396
equal,3,1,0.3428327228327228,0.3737995510225137,0.2846062067562067
equal,3,2,0.34307539682539684,0.3681008620237908,0.2785194393569393
equal,3,3,0.3902029914529915,0.38995837470695277,0.38364013532763536
equal,3,4,0.3541452991452992,0.384030770656657,0.2645480158730159
equal,3,5,0.3660515873015873,0.3696653025994344,0.3033009106634107
equal,5,1,0.3255686813186813,0.35497611166858867,0.2541679542124542
equal,5,2,0.3224194139194139,0.34593813865744377,0.24497249816849814
equal,5,3,0.37778754578754575,0.3775507122363719,0.3622801062271062
equal,5,4,0.33629487179487183,0.36467398860002787,0.2400644102564103
equal,5,5,0.34994505494505496,0.35339976417820734,0.2850772051282051
equal,10,1,0.30884203296703294,0.3367386062394224,0.2292594391025641
equal,10,2,0.3086195054945055,0.331131602735419,0.22733559935897435
equal,10,3,0.3679981684981685,0.3677674718697521,0.33975456868131865
equal,10,4,0.3260728021978022,0.35358930309229214,0.22492908012820514
equal,10,5,0.34145100732600736,0.34482186206737114,0.2678408997252747
equal,15,1,0.3030827228327228,0.3304590786476092,0.21541226109076106
equal,15,2,0.3054331501831502,0.32771282031127186,0.22404026963776963
equal,15,3,0.36705097680097676,0.3668208739633716,0.34023431725681724
equal,15,4,0.32068650793650794,0.34774847239048545,0.22118975925925924
equal,15,5,0.33874175824175823,0.3420858668762861,0.26410444932844934
equal,25,1,0.30089084249084247,0.32806921375688314,0.2101088438095238
equal,25,2,0.30320329670329665,0.32532031127181255,0.2201306030769231
equal,25,3,0.3645551282051282,0.3643265900053538,0.3404797593406593
equal,25,4,0.3234010989010989,0.35069214116899367,0.2277969282051282
equal,25,5,0.34134413919413925,0.3447139389175318,0.273477472014652
equal,40,1,0.3005550595238095,0.3277031007403635,0.2077939680345696
equal,40,2,0.3010983287545788,0.32306179747681185,0.2175775307062729
equal,40,3,0.3642469093406593,0.36401856436209884,0.3400304797103938
equal,40,4,0.32625068681318686,0.35378219896327784,0.23331181719322344
equal,40,5,0.3419568452380952,0.3453326936859872,0.27489613269803115
equal,60,1,0.3008437118437119,0.3280178259704687,0.20926257824582825
equal,60,2,0.30237042124542124,0.32442668212545195,0.2199445884717135
equal,60,3,0.3661204975579976,0.3658909780342307,0.34572685781695156
equal,60,4,0.33250694444444445,0.3605664071551045,0.2445438904532967
equal,60,5,0.3449012515262515,0.34830616758760474,0.28190645067663817
equal,100,1,0.3015981227106227,0.32884038001667437,0.21205841568223444
equal,100,2,0.30450989010989016,0.32672221348844527,0.22420930010073256
equal,100,3,0.3699328754578755,0.3697009659691495,0.35438067526556777
equal,100,4,0.3426857142857143,0.37160413894460886,0.26302630891025636
equal,100,5,0.35082921245421245,0.354292650220794,0.2955952450274726
prior,3,1,0.33374236874236873,0.363888098435568,0.2650749592999593
prior,3,2,0.33258699633699634,0.3568473903474296,0.2581523148148148
prior,3,3,0.3904594017094017,0.3902146242207651,0.39490705636955636
prior,3,4,0.35076159951159946,0.38036152873494733,0.25928639092389094
prior,3,5,0.35245115995115994,0.35593060982282543,0.2876171652421653
prior,5,1,0.31624175824175826,0.34480672168221776,0.24158984249084248
prior,5,2,0.3197078754578755,0.3430288083634649,0.24272578937728936
prior,5,3,0.372996336996337,0.37276250703542196,0.35107479487179494
prior,5,4,0.3345567765567765,0.3627892196778614,0.23484983882783877
prior,5,5,0.3412527472527473,0.3446216447414053,0.2693602161172161
prior,10,1,0.30164606227106233,0.32889264978258376,0.2164130892857143
prior,10,2,0.3064459706959707,0.3287995205156422,0.22337961904761902
prior,10,3,0.3568988095238096,0.35667507104060187,0.32347840247252746
prior,10,4,0.32450595238095237,0.35189023058131913,0.2229486799450549
prior,10,5,0.3293731684981685,0.33262478903197473,0.2563537202380952
prior,15,1,0.2986953601953602,0.32567542156123686,0.2084712840862841
prior,15,2,0.3026675824175824,0.3247455195723943,0.2158753315018315
prior,15,3,0.3546349206349207,0.3544126013749007,0.3229793886853887
prior,15,4,0.320251221001221,0.34727645263582985,0.21527527004477
prior,15,5,0.3272106227106227,0.33044089427322965,0.251668608058608
prior,25,1,0.29563076923076925,0.32233401728346983,0.20221872864468862
prior,25,2,0.29985256410256406,0.3217251611381858,0.21309489208791207
prior,25,3,0.3544243589743589,0.35420217171462953,0.3253403061538462
prior,25,4,0.3169611721611721,0.3437087644733967,0.21401615765567764
prior,25,5,0.3239655677655678,0.3271638036667977,0.2490271948717949
prior,40,1,0.29381444597069595,0.32035363217461194,0.2020868169356685
prior,40,2,0.3000006868131868,0.3218840885867002,0.21220836172161173
prior,40,3,0.35454063644688644,0.35431837629325924,0.32521297679143774
prior,40,4,0.31825034340659336,0.34510672578498935,0.22211161764537543
prior,40,5,0.3283758012820513,0.3316175756594919,0.2560650491357601
prior,60,1,0.2944600122100122,0.3210575100553983,0.20289942391636143
prior,60,2,0.300584478021978,0.32251046415657914,0.21473055589896214
prior,60,3,0.3567544261294261,0.3565307781596099,0.3298497996031746
prior,60,4,0.3209518467643468,0.3480362025249416,0.23167692148707775
prior,60,5,0.3308811813186814,0.3341476891776294,0.2630752519714082
prior,100,1,0.2954575091575091,0.3221451072603553,0.20719119596153845
prior,100,2,0.3012692765567766,0.3232452149819211,0.2180875610485348
prior,100,3,0.3602805402930403,0.3600546818158939,0.33737626167124546
prior,100,4,0.32491794871794866,0.35233699430001386,0.2408720181227106
prior,100,5,0.33721291208791204,0.3405419277275565,0.28014342662087915
evidence,3,1,0.3392185592185592,0.36985893320419816,0.26960409035409033
evidence,3,2,0.33492216117216117,0.3593528926269455,0.2579164173789174
evidence,3,3,0.3809416971916972,0.38070288631520827,0.37497099613349616
evidence,3,4,0.34268162393162394,0.37159970341535753,0.2452567612942613
evidence,3,5,0.346910866910867,0.3503356221919097,0.27756398046398045
evidence,5,1,0.31519871794871795,0.34366946736759074,0.23302164285714289
evidence,5,2,0.31338278388278396,0.3362423361106745,0.2256432087912088
evidence,5,3,0.35811355311355314,0.35788905311228764,0.3194709304029304
evidence,5,4,0.3263415750915751,0.35388075708526145,0.2188550201465201
evidence,5,5,0.33404212454212456,0.3373398376991192,0.26231424542124543
evidence,10,1,0.29805128205128206,0.3249731661898985,0.20740414652014652
evidence,10,2,0.3016282051282051,0.32363032542053133,0.2125620338827839
evidence,10,3,0.34968543956043957,0.3494662231109606,0.30848659111721616
evidence,10,4,0.30798901098901105,0.33397946416158575,0.19841655952380952
evidence,10,5,0.3245819597069597,0.3277862807204125,0.24902635393772893
evidence,15,1,0.29484706959706963,0.321479528923103,0.20316249267399264
evidence,15,2,0.3001425518925519,0.3220363019441388,0.21088068925518924
evidence,15,3,0.34749572649572646,0.34727788276889804,0.30460874236874236
evidence,15,4,0.3031590354090354,0.32874189853892344,0.1967755244200244
evidence,15,5,0.3201333943833944,0.3232937985033794,0.24525639255189255
evidence,25,1,0.2931428571428571,0.3196213811798888,0.19905133318681317
evidence,25,2,0.2969448717948718,0.31860536865272754,0.2045685411721612
evidence,25,3,0.3450397435897436,0.3448234395090992,0.3018269193406593
evidence,25,4,0.30337893772893776,0.32898035788762886,0.19733911157509157
evidence,25,5,0.3187776556776557,0.3219246757450351,0.24425110622710625
evidence,40,1,0.2929528388278388,0.3194141992042215,0.19851715293040292
evidence,40,2,0.2954252518315018,0.31697490076245877,0.20201998669299454
evidence,40,3,0.34674507783882785,0.3465277046907389,0.30352451284913
evidence,40,4,0.30293566849816855,0.3284996822307403,0.2016581532165751
evidence,40,5,0.3194805402930403,0.32263449934108623,0.2493225227220696
evidence,60,1,0.2937531288156288,0.3202867764647932,0.2001071370701058
evidence,60,2,0.2958760683760684,0.3174586018969764,0.2019652856379731
evidence,60,3,0.3490286172161173,0.3488098125260254,0.3109415034976597
evidence,60,4,0.3050781440781441,0.3308229561809431,0.21111217317867317
evidence,60,5,0.3202989163614164,0.323460954538799,0.2513152348773911
evidence,100,1,0.29349757326007325,0.32000813750892376,0.20336131801739926
evidence,100,2,0.2967492216117216,0.3183954468637007,0.2084232620741758
evidence,100,3,0.353138782051282,0.35291740071475314,0.32402610262362636
evidence,100,4,0.30912152014652017,0.3352075430478044,0.22534947445054943
evidence,100,5,0.3227635989010989,0.3259499687882922,0.2614502098397436
