features,min_leaf,max_features,fold,mae,wape,mse
10 features,1,0.33,1,0.29155412487644633,0.31788914452822853,0.20098150703601395
10 features,1,0.33,2,0.29218839031339033,0.3135019279812748,0.19408550144145975
10 features,1,0.33,3,0.3399427966015466,0.3397296877772541,0.2940189297526912
10 features,1,0.33,4,0.2954994352869353,0.3204359231528007,0.19632198694597064
10 features,1,0.33,5,0.3094002696377697,0.3124547147660921,0.23618190204141792
10 features,1,0.5,1,0.2940849916056166,0.3206486152089875,0.20605929227954434
10 features,1,0.5,2,0.2945065857753358,0.31598922306503174,0.19636182485004577
10 features,1,0.5,3,0.3407095062576312,0.3404959167860209,0.29061731888147246
10 features,1,0.5,4,0.29548085063085067,0.32041577018220985,0.19814957892676258
10 features,1,0.5,5,0.30808015873015876,0.31112157152875725,0.231304074067969
10 features,1,1.0,1,0.2983251838769696,0.32527180856749965,0.22193171654107294
10 features,1,1.0,2,0.30084125203500206,0.32278596842302926,0.20646109022979978
10 features,1,1.0,3,0.3466193485449735,0.34640205421609255,0.3045596800828258
10 features,1,1.0,4,0.30161926129426136,0.3270721865835171,0.21333578806267822
10 features,1,1.0,5,0.31361782661782667,0.3167139080911537,0.23996142290496528
10 features,3,0.33,1,0.29097132078273125,0.3172536978685143,0.19837669235351954
10 features,3,0.33,2,0.29189319557056426,0.3131852004038832,0.19733383222697995
10 features,3,0.33,3,0.3372737296249676,0.3370622940284388,0.29056954563528564
10 features,3,0.33,4,0.2931558854179834,0.3178946067371431,0.19477403746520405
10 features,3,0.33,5,0.3064157604010101,0.3094407420136435,0.23202150399424692
10 features,3,0.5,1,0.2920456931377417,0.3184251143558776,0.20000397572091905
10 features,3,0.5,2,0.29306381626845013,0.3144412114497991,0.19783931578729191
10 features,3,0.5,3,0.3384097137124267,0.3381975659718674,0.28820965534369314
10 features,3,0.5,4,0.29142938846679306,0.3160224148534667,0.1894194083167675
10 features,3,0.5,5,0.30716760514186964,0.31020000907675466,0.22764898255366386
10 features,3,1.0,1,0.2951307325708759,0.3217888141376951,0.20609321781617426
10 features,3,1.0,2,0.2975746845924157,0.3192811228333968,0.20460349404314995
10 features,3,1.0,3,0.34370451529698537,0.343489048265793,0.30055306777477864
10 features,3,1.0,4,0.2956314950648465,0.3205791271383015,0.19988998735559446
10 features,3,1.0,5,0.3122180656400475,0.31530032846640177,0.23696494782833857
10 features,5,0.33,1,0.2897552651372839,0.315927800356367,0.19538761190309228
10 features,5,0.33,2,0.29131475359273606,0.3125645642619751,0.1985676624963185
10 features,5,0.33,3,0.3388063249101555,0.33859392853557047,0.2927287109576692
10 features,5,0.33,4,0.291478772137639,0.31607596589372783,0.19299548203827085
10 features,5,0.33,5,0.3070527542628735,0.3100840243729294,0.2335221061250015
10 features,5,0.5,1,0.28965007313595853,0.3158131067456122,0.19567542183137449
10 features,5,0.5,2,0.2915045299916787,0.31276818380650956,0.19674455347059164
10 features,5,0.5,3,0.3375631193641425,0.3373515023503056,0.2879977961928763
10 features,5,0.5,4,0.29203488371257935,0.31667900638928387,0.19267971955254
10 features,5,0.5,5,0.3061328387064389,0.30915502727434524,0.22614776516131443
10 features,5,1.0,1,0.2927205002866203,0.31916087437083007,0.20082729527750304
10 features,5,1.0,2,0.296408536974047,0.3180299111535719,0.205214093401282
10 features,5,1.0,3,0.34050757524554187,0.34029411236370205,0.29157096804307153
10 features,5,1.0,4,0.293646813131775,0.318426962662011,0.19833436148088934
10 features,5,1.0,5,0.3108600388245935,0.3139288950097854,0.23404880027855893
10 features,10,0.33,1,0.28843613752103375,0.31448952075860437,0.19402587192789475
10 features,10,0.33,2,0.2922793877684376,0.31359956320068966,0.20232142888841684
10 features,10,0.33,3,0.3395211569105258,0.3393083124105247,0.2970871609430954
10 features,10,0.33,4,0.2944936341498572,0.31934524487263816,0.20005337574165602
10 features,10,0.33,5,0.3074399997833305,0.3104750928383205,0.23473132361664004
10 features,10,0.5,1,0.28898717024395326,0.3150903262555946,0.19396017788164757
10 features,10,0.5,2,0.29222682749660017,0.3135431689458098,0.20115977630152185
10 features,10,0.5,3,0.3369073849019563,0.33669617896551735,0.28656747931894494
10 features,10,0.5,4,0.29154667557845887,0.3161495995428861,0.19574249804456442
10 features,10,0.5,5,0.3056943381904557,0.308712197816547,0.22666060002088764
10 features,10,1.0,1,0.29154427054686943,0.3178784000930386,0.1983514019465313
10 features,10,1.0,2,0.29595882573436216,0.3175473959498541,0.20759506773659497
10 features,10,1.0,3,0.33415714851343287,0.33394766668954795,0.27287030553980346
10 features,10,1.0,4,0.2947231941045976,0.3195941768407981,0.20398022626316312
10 features,10,1.0,5,0.3088151124812933,0.3118637808517997,0.2320658694984284
10 features,20,0.33,1,0.288799193265117,0.3148853700025538,0.19601146247093487
10 features,20,0.33,2,0.2931801856725844,0.3145660693625827,0.20701580383091883
10 features,20,0.33,3,0.3418396983681596,0.34162540038348677,0.30741336067341063
10 features,20,0.33,4,0.29832904694564705,0.32350431894564813,0.2115489411118929
10 features,20,0.33,5,0.3100573259713144,0.31311825765674095,0.242388029862207
10 features,20,0.5,1,0.2884655240535338,0.3145215616692965,0.19469432214220325
10 features,20,0.5,2,0.2931226476588175,0.3145043342668495,0.20625853222753546
10 features,20,0.5,3,0.3402601126505113,0.3400468049020151,0.30342622392769275
10 features,20,0.5,4,0.29667806205909825,0.321714011408448,0.20718035307701727
10 features,20,0.5,5,0.3067823605713277,0.30981096131495145,0.22823332012693703
10 features,20,1.0,1,0.2913141948217567,0.3176275424676704,0.19923822863942453
10 features,20,1.0,2,0.2965400158762348,0.3181709807192741,0.21051742844781268
10 features,20,1.0,3,0.33711870387780046,0.3369073654663129,0.2845054135115219
10 features,20,1.0,4,0.29692134445053164,0.32197782381678675,0.2114059432736354
10 features,20,1.0,5,0.3081053971746642,0.31114705913091195,0.22921858526728142
10 features,40,0.33,1,0.2906540415101614,0.3169077599176227,0.20077679222909828
10 features,40,0.33,2,0.2959848750349075,0.31757534540374843,0.2132163534836909
10 features,40,0.33,3,0.34578561614416403,0.34556884447890024,0.3222670657867895
10 features,40,0.33,4,0.30275431465943775,0.3283030243769796,0.22139094086236058
10 features,40,0.33,5,0.3125309038687915,0.3156162550803139,0.2525907916908498
10 features,40,0.5,1,0.2906872973950916,0.3169440196852232,0.20078281057561154
10 features,40,0.5,2,0.29405480848586946,0.3155044911045526,0.21110959862230738
10 features,40,0.5,3,0.3448540636561604,0.34463787597754814,0.3201853825142565
10 features,40,0.5,4,0.29978031143396866,0.3250780521597325,0.21540070020435761
10 features,40,0.5,5,0.3089811577017786,0.3120314652952094,0.2373974429052728
10 features,40,1.0,1,0.29464658944704253,0.32126094013306616,0.2079989480649347
10 features,40,1.0,2,0.2957647145931164,0.31733912546738235,0.21236275568771387
10 features,40,1.0,3,0.34272358602995834,0.34250873393952924,0.3109806120330981
10 features,40,1.0,4,0.30191664115765776,0.32739466161959274,0.22563348813543363
10 features,40,1.0,5,0.30764208496503076,0.31067917303476167,0.228935605672614
with weather,1,0.33,1,0.2965874084249084,0.32337706620337775,0.2092622725045787
with weather,1,0.33,2,0.2915476495726496,0.3128144487239952,0.19324450792836792
with weather,1,0.33,3,0.33861007326007325,0.33839779991488855,0.28234540288359783
with weather,1,0.33,4,0.3192507936507937,0.34619160162327134,0.21625114750915755
with weather,1,0.33,5,0.3053571275946277,0.30837165822794577,0.22280236095899475
with weather,1,0.5,1,0.30006605616605614,0.32716992749462903,0.2164830393253967
with weather,1,0.5,2,0.29173148656898656,0.31301169561913744,0.19312246699888075
with weather,1,0.5,3,0.33908290598290597,0.3388703362207163,0.2850240588685389
with weather,1,0.5,4,0.3206278388278389,0.3476848523365972,0.2165858459635736
with weather,1,0.5,5,0.30624287240537235,0.30926614724219514,0.2245246127620065
with weather,1,1.0,1,0.3053150335775336,0.3328930258719532,0.23387869807437933
with weather,1,1.0,2,0.29790244200244204,0.319632788345648,0.20163189203907203
with weather,1,1.0,3,0.3420464133089133,0.34183198573544377,0.29575465519790395
with weather,1,1.0,4,0.32662687728937734,0.35419013525054127,0.23382896618284515
with weather,1,1.0,5,0.309838431013431,0.31289720173552515,0.2310745008658933
with weather,3,0.33,1,0.29455417752040525,0.3211601809744867,0.2038635195452123
with weather,3,0.33,2,0.2927442423175418,0.31409832633504525,0.1991728134307882
with weather,3,0.33,3,0.3371585699772927,0.3369472065739016,0.28802176522895023
with weather,3,0.33,4,0.3094691896289644,0.3355845515231367,0.2057891030595186
with weather,3,0.33,5,0.30486647863714816,0.3078761655115399,0.22663632116264387
with weather,3,0.5,1,0.29569675017688773,0.3224059580475584,0.20656434300093973
with weather,3,0.5,2,0.29170155562221933,0.31297958137425674,0.19559993216626512
with weather,3,0.5,3,0.3375465690361936,0.3373349623976933,0.28467216279095875
with weather,3,0.5,4,0.31019735962439166,0.3363741700361817,0.2066129911996822
with weather,3,0.5,5,0.304455764686688,0.3074613969323407,0.221193973350632
with weather,3,1.0,1,0.2992361466624494,0.3262650552955161,0.21298306760117966
with weather,3,1.0,2,0.29622878108226214,0.31783704305713556,0.20100198458612373
with weather,3,1.0,3,0.3389632789118526,0.338750784143411,0.29266523585142706
with weather,3,1.0,4,0.3138409901424135,0.34032527778546157,0.21433630860227532
with weather,3,1.0,5,0.30822426510236367,0.3112671005403382,0.2289879344430546
with weather,5,0.33,1,0.29346279111844764,0.3199702136234328,0.20231737192179838
with weather,5,0.33,2,0.2918787255561926,0.31316967488146746,0.19928359007484323
with weather,5,0.33,3,0.3380710416126434,0.33785910618431353,0.28956433096796375
with weather,5,0.33,4,0.3063726851438576,0.33222674045906986,0.20589832922932105
with weather,5,0.33,5,0.3049061470566484,0.3079162255435324,0.22637222645886274
with weather,5,0.5,1,0.29456217960809605,0.3211689058615434,0.20216309721447653
with weather,5,0.5,2,0.29059892851884606,0.3117965236819878,0.19553741234993735
with weather,5,0.5,3,0.3358472228293243,0.33563668150438797,0.2824085831910141
with weather,5,0.5,4,0.3061454965981764,0.3319803800174859,0.20367910107531553
with weather,5,0.5,5,0.30395931925404884,0.30696005051711683,0.22134004996629358
with weather,5,1.0,1,0.29670503580558344,0.323505318435898,0.20670495989181942
with weather,5,1.0,2,0.29572286191275376,0.31729421986394346,0.2027229638435165
with weather,5,1.0,3,0.33687034805216964,0.33665916533398854,0.28490717656267617
with weather,5,1.0,4,0.30816315109929154,0.3341682995376719,0.2077485769433254
with weather,5,1.0,5,0.30742907060419267,0.31046405576471314,0.22820816831368138
with weather,10,0.33,1,0.2914925430981891,0.3178220002927731,0.19722083467191742
with weather,10,0.33,2,0.29235150889271155,0.31367694516471567,0.2034345887392412
with weather,10,0.33,3,0.3390416229992523,0.33882907911720533,0.29839165380858695
with weather,10,0.33,4,0.3038069549577766,0.32944449446276347,0.20352616936959433
with weather,10,0.33,5,0.30569312717366115,0.3087109748444159,0.2266347839392734
with weather,10,0.5,1,0.29281918361070236,0.31926847139928904,0.19929760783311784
with weather,10,0.5,2,0.2929291960756608,0.3142967714536056,0.20238714499285623
with weather,10,0.5,3,0.33643085720171534,0.3362199499986484,0.28690958431391245
with weather,10,0.5,4,0.3023245910151233,0.3278370373860645,0.20052094355162023
with weather,10,0.5,5,0.30443650477463874,0.30744194688359705,0.22212750333107156
with weather,10,1.0,1,0.2949557313417571,0.32159800568647,0.20336272392066093
with weather,10,1.0,2,0.29535840201389807,0.3169031746179617,0.20513264278206617
with weather,10,1.0,3,0.3326763983296859,0.33246784478236363,0.27294605305865
with weather,10,1.0,4,0.3039849572040648,0.3296375178912423,0.20782921170146693
with weather,10,1.0,5,0.30660279964121745,0.3096296277328366,0.2279497182597835
with weather,20,0.33,1,0.2910415089667479,0.31733022589494,0.19757984830081082
with weather,20,0.33,2,0.2935827191550244,0.314997965450879,0.20738368869134136
with weather,20,0.33,3,0.341528067042124,0.3413139644179241,0.308821429021925
with weather,20,0.33,4,0.30427376253047744,0.32995069480574507,0.2125590786422246
with weather,20,0.33,5,0.30766558990274123,0.31070291001668643,0.23322581113339946
with weather,20,0.5,1,0.2919582654577798,0.31832978965277847,0.19868780781125514
with weather,20,0.5,2,0.2929771575548395,0.31434823145916985,0.20592362301802178
with weather,20,0.5,3,0.33999773006499834,0.3397845868031301,0.3032030820477903
with weather,20,0.5,4,0.3027452396518998,0.3282931835513442,0.20898133596792334
with weather,20,0.5,5,0.30604524820911677,0.3090665720707054,0.22506150517442608
with weather,20,1.0,1,0.29457851581715633,0.3211867176607255,0.2035664157466238
with weather,20,1.0,2,0.2970345533512858,0.3187015919859339,0.2099604482823893
with weather,20,1.0,3,0.3364063159798797,0.3361954241616098,0.2849941126239048
with weather,20,1.0,4,0.30413332424280776,0.32979840526816356,0.21700408952629424
with weather,20,1.0,5,0.30720693777331903,0.31023973000574706,0.22620263900139337
with weather,40,0.33,1,0.29222304368941504,0.31861848433538636,0.20204067594622838
with weather,40,0.33,2,0.2957963103703692,0.31737302598298534,0.21309655136365432
with weather,40,0.33,3,0.34596611897238866,0.34574923415060005,0.3232045312152554
with weather,40,0.33,4,0.30747464412878883,0.3334216911169961,0.22507412501980487
with weather,40,0.33,5,0.31210524931505795,0.31518639840200063,0.24966105618978587
with weather,40,0.5,1,0.2926495208924688,0.31908348366714684,0.20217921146287135
with weather,40,0.5,2,0.2943863129583481,0.315860177006874,0.21065097242232927
with weather,40,0.5,3,0.34414101422450616,0.3439252735538245,0.31828931169788527
with weather,40,0.5,4,0.3047528340387469,0.33047019400837285,0.21939688828482182
with weather,40,0.5,5,0.3082848001618312,0.3113282332108475,0.2362921437142093
with weather,40,1.0,1,0.2962103128847042,0.3229659089997823,0.20922216602169535
with weather,40,1.0,2,0.29686695685270026,0.318521770243622,0.21376472841437985
with weather,40,1.0,3,0.34277795885799867,0.34256307268145403,0.31164249611228395
with weather,40,1.0,4,0.3080685992455823,0.33406576868004195,0.23391595904141188
with weather,40,1.0,5,0.30764653419344107,0.31068366618661153,0.22769150368240312
