max_depth,min_leaf,fold,actual_depth,mae,wape,mse
10,3,1,10,0.28984105147451567,0.31602133546023964,0.1988468924239243
10,3,2,10,0.29083614130639346,0.3120510398390403,0.1964511001191772
10,3,3,10,0.3356159683578427,0.33540557200544,0.28455037445935105
10,3,4,10,0.2897416631832685,0.31419226648540166,0.18846801746222497
10,3,5,10,0.30614600810318665,0.3091683266813214,0.22600687078641862
10,5,1,10,0.28887053530567774,0.3149631561091725,0.19596337054125526
10,5,2,10,0.29138324747180167,0.3126380543931845,0.19886027933907605
10,5,3,10,0.3370596798336463,0.33684837842410376,0.2877469276279314
10,5,4,10,0.2904692179889762,0.3149812178943437,0.1910813221331625
10,5,5,10,0.30571042223423534,0.30872844064438076,0.22569748616516244
10,10,1,10,0.2885279340971838,0.31458960898433375,0.19491056519395913
10,10,2,10,0.2922114051285265,0.3135266216007221,0.20149798340673786
10,10,3,10,0.3368203857393561,0.3366092343423556,0.2872577450376692
10,10,4,10,0.2933649190270668,0.3181212801906188,0.19881400850751976
10,10,5,10,0.3066390672136782,0.3096662533441256,0.22709715936229027
10,20,1,10,0.28866889819151437,0.3147433058506529,0.19479231048731815
10,20,2,10,0.2931938120868451,0.31458068974889447,0.20690484766217038
10,20,3,10,0.34029007105438613,0.3400767445250824,0.3029552375226168
10,20,4,10,0.2960613415469783,0.3210452473330224,0.20542680041396677
10,20,5,10,0.30786779035074546,0.3109071066173575,0.2303848164711306
15,3,1,15,0.2894676457862397,0.31561420139942553,0.19663755693504317
15,3,2,15,0.29140110829714877,0.31265721806760577,0.19658716285944536
15,3,3,15,0.33636896150577145,0.3361580931048769,0.2859158330114264
15,3,4,15,0.2911609768402701,0.3157313526142231,0.19014706964622724
15,3,5,15,0.30638854845223384,0.30941326142449255,0.22669573871206297
15,5,1,15,0.2890293814237856,0.31513635021719044,0.1946266837640955
15,5,2,15,0.29208283710895583,0.3133886752505303,0.199070076625396
15,5,3,15,0.33705176053142627,0.3368404640864636,0.28782567462313075
15,5,4,15,0.29099542363234326,0.3155518287685636,0.19086938795330782
15,5,5,15,0.306193514949375,0.3092163025221072,0.22601085329099352
15,10,1,15,0.28837398623454846,0.3144217555733218,0.19434754952907757
15,10,2,15,0.29198677172479437,0.3132856024244178,0.19959293890827376
15,10,3,15,0.336435043279302,0.33622413345199925,0.2865580050267403
15,10,4,15,0.2924325176968949,0.3171101957508383,0.19682066221848304
15,10,5,15,0.3065927511393819,0.30961948003070777,0.22749607924088316
15,20,1,15,0.28911193905965166,0.31522636498289086,0.19572993835057378
15,20,2,15,0.29317280814490376,0.314558153684793,0.20622639965331102
15,20,3,15,0.33955302430888656,0.3393401598313367,0.30068946294456617
15,20,4,15,0.2958390921421004,0.3208042428344756,0.20611972576680446
15,20,5,15,0.3068307532477029,0.3098598317309705,0.2289618830480969
20,3,1,20,0.2910494535395091,0.3173388880719535,0.19914050113238063
20,3,2,20,0.292811416680445,0.3141704006986381,0.19850110531335538
20,3,3,20,0.3381798839653001,0.3379678803041203,0.2892266229046374
20,3,4,20,0.2919181104791153,0.31655237894301397,0.1914214176598118
20,3,5,20,0.3075949281924345,0.31063155072354615,0.22893389036909137
20,5,1,20,0.2903941665469685,0.31662441139779396,0.1971044363382951
20,5,2,20,0.2919424773864682,0.3132380770574824,0.19753575151962727
20,5,3,20,0.3375595544686333,0.3373479396896155,0.288266871841376
20,5,4,20,0.2912711577771762,0.3158508314558563,0.1911089377741645
20,5,5,20,0.30686615155972063,0.30989557950034907,0.22836807977616738
20,10,1,20,0.28912766736010587,0.3152435139633019,0.1941513369973149
20,10,2,20,0.29268030196048545,0.31402972188025674,0.2013422630440664
20,10,3,20,0.33706759671431,0.33685629034170556,0.2891200277189176
20,10,4,20,0.2925549303813214,0.31724293854779745,0.1977270752641492
20,10,5,20,0.30581586561403884,0.3088349249767928,0.22650431862025286
20,20,1,20,0.288598292787835,0.3146663229186357,0.19490668722339832
20,20,2,20,0.29308078497290263,0.31445941792800824,0.20608395970878754
20,20,3,20,0.34007865032781215,0.33986545633734416,0.3028746992918185
20,20,4,20,0.2956070580081608,0.3205526278970741,0.2053802045258481
20,20,5,20,0.3066095296066304,0.3096364241374614,0.22779547792338659
No limit,3,1,36,0.2920456931377417,0.3184251143558776,0.20000397572091905
No limit,3,2,38,0.29306381626845013,0.3144412114497991,0.19783931578729194
No limit,3,3,39,0.3384097137124267,0.3381975659718674,0.28820965534369314
No limit,3,4,41,0.2914293884667931,0.31602241485346677,0.1894194083167675
No limit,3,5,39,0.30716760514186964,0.31020000907675466,0.22764898255366384
No limit,5,1,33,0.28965007313595853,0.3158131067456122,0.19567542183137449
No limit,5,2,35,0.2915045299916787,0.31276818380650956,0.1967445534705916
No limit,5,3,35,0.33756311936414257,0.3373515023503056,0.28799779619287635
No limit,5,4,36,0.29203488371257935,0.31667900638928387,0.19267971955254004
No limit,5,5,36,0.3061328387064389,0.30915502727434524,0.22614776516131443
No limit,10,1,27,0.28898717024395326,0.3150903262555946,0.19396017788164763
No limit,10,2,29,0.2922268274966002,0.31354316894580986,0.20115977630152182
No limit,10,3,29,0.3369073849019563,0.33669617896551735,0.28656747931894494
No limit,10,4,31,0.2915466755784589,0.31614959954288613,0.19574249804456442
No limit,10,5,31,0.3056943381904557,0.308712197816547,0.22666060002088764
No limit,20,1,23,0.2884655240535338,0.3145215616692965,0.19469432214220325
No limit,20,2,25,0.2931226476588175,0.3145043342668495,0.20625853222753546
No limit,20,3,24,0.3402601126505113,0.3400468049020151,0.30342622392769275
No limit,20,4,25,0.29667806205909825,0.321714011408448,0.20718035307701727
No limit,20,5,27,0.30678236057132763,0.3098109613149514,0.22823332012693706
