max_depth,min_leaf,mae,wape,mse,deepest_tree,folds_beating_baseline
10,3,0.30243616648504135,0.3173677080942886,0.21886465105021924,10,5
10,5,0.30269862056686747,0.3176318494930371,0.21986987716131753,10,5
10,10,0.30351274224116226,0.31850259969243117,0.22191549230163524,10,5
10,20,0.30521638264609385,0.3202706188150019,0.22809280251144054,10,5
15,3,0.30295744817633274,0.3179148253221248,0.21919667223284103,15,5
15,5,0.3030705835291772,0.31802672416897104,0.2196805352513847,15,5
15,10,0.30316421401498433,0.31813223344625696,0.22096304698469157,15,5
15,20,0.304901523380649,0.31995775061289333,0.22754548195267046,15,5
20,3,0.3043107585713608,0.3193322197482544,0.2214447074758553,20,5
20,5,0.30360670154779335,0.31859136782021946,0.22047681544992606,20,5
20,10,0.30344927240605235,0.3184414779419709,0.2217690043289402,20,5
20,20,0.30479486314066817,0.31983604984370473,0.22740820573464782,20,5
No limit,3,0.30442324334545623,0.3194572631415531,0.2206242675444671,41,5
No limit,5,0.3033770889821596,0.3183533653132113,0.2198490512417394,36,5
No limit,10,0.30307247928228487,0.318038294305271,0.22081810631351328,31,5
No limit,20,0.3050617413986577,0.32011953471231214,0.22795855030027715,27,5
