features,min_leaf,max_features,mae,wape,mse,folds_beating_baseline
10 features,1,0.33,0.3057170033432176,0.32080227964113,0.2243179654435107,5
10 features,1,0.5,0.30657241859991863,0.3217342193542015,0.2244984178011588,5
10 features,1,1.0,0.3122045744738066,0.32764918517625846,0.23724993956426838,5
10 features,3,0.33,0.30394197835945136,0.3189673082103246,0.2226151223350472,5
10 features,3,0.5,0.30442324334545623,0.3194572631415531,0.2206242675444671,5
10 features,3,1.0,0.3088518986330342,0.3240876881683176,0.2296209429636072,5
10 features,5,0.33,0.3036815740081376,0.318649256684114,0.22264031470407045,5
10 features,5,0.5,0.3033770889821596,0.3183533653132113,0.21984905124173934,5
10 features,5,1.0,0.3068286928925155,0.32196815111198007,0.22599910369626097,5
10 features,10,0.33,0.30443406322663696,0.3194435468161555,0.22564383222354062,5
10 features,10,0.5,0.30307247928228487,0.318038294305271,0.22081810631351328,5
10 features,10,1.0,0.30503971027611104,0.3201662840850077,0.22297257419690425,5
10 features,20,0.33,0.3064410900445645,0.32153988327020244,0.23287551958987285,5
10 features,20,0.5,0.3050617413986577,0.32011953471231214,0.22795855030027715,5
10 features,20,1.0,0.3059999312401976,0.32116615432019124,0.2269771198279352,5
10 features,40,0.33,0.30954195024349246,0.324794245851513,0.24204838881055785,5
10 features,40,0.5,0.30767152773457374,0.3228391808444532,0.23697518696436118,5
10 features,40,1.0,0.30853872323856113,0.32383652683886643,0.23718228191875887,5
with weather,1,0.33,0.3102706105006105,0.3258305149386957,0.22478113835693936,5
with weather,1,0.5,0.311550231990232,0.327200591782655,0.22714800478367927,5
with weather,1,1.0,0.3163458394383395,0.3322890273878223,0.23923374247201873,5
with weather,3,0.33,0.3077585316162705,0.323133286183622,0.22469670448542262,5
with weather,3,0.5,0.3079195998292761,0.3233112137576062,0.2229286805016956,5
with weather,3,1.0,0.31129869238026825,0.3268890521643725,0.22999490621681207,5
with weather,5,0.33,0.3069382780975579,0.3222283921383632,0.22468716973055783,5
with weather,5,0.5,0.3062226293616983,0.3215085083165044,0.22102564875940742,5
with weather,5,1.0,0.3089780934947982,0.32441821178724306,0.22605836911100377,5
with weather,10,0.33,0.30647715142431814,0.3216966987763747,0.22584160610572263,5
with weather,10,0.5,0.3057880665355681,0.3210128354242409,0.22224855680451566,5
with weather,10,1.0,0.30671565770612463,0.32204723414217484,0.22344406994452548,5
with weather,20,0.33,0.307618329519423,0.3228591521172349,0.23191397115794024,5
with weather,20,0.5,0.30674472818772686,0.3219644727074256,0.22837147080388331,5
with weather,20,1.0,0.3078719294328897,0.32322437381643593,0.2283455410361211,5
with weather,40,0.33,0.3107130732952039,0.3260697667975937,0.24261538794694576,5
with weather,40,0.5,0.30884289645518026,0.32413347228941314,0.23736170551642338,5
with weather,40,1.0,0.31031407240688524,0.3257600373583024,0.23924737065443483,5
