model,validation_mae,validation_rmse,fold_mae_std,test_mae,test_rmse,test_wape,n,selected
7-day mean,0.3283966509680795,0.5175737246519319,0.0206493925151398,0.3141849816849817,0.5208902675019004,0.3243598409824675,2184,False
Same weekday,0.4150210622710623,0.66102667782935,0.027679735521199,0.39975274725274723,0.6170692429131843,0.41269871282776094,2184,False
Ridge,0.3155286213672519,0.4745497669077144,0.0158725311403351,0.30725164560069196,0.502803699815827,0.3172019692798885,2184,False
Decision tree,0.3235893603311316,0.5079164620800147,0.0118693975592417,0.32222302761297683,0.4986842487338216,0.33265819848202616,2184,False
HistGradientBoosting,0.3058478897814039,0.4741453889396759,0.0193628347137642,0.2900589264529172,0.45692285711614977,0.29945246508996554,2184,False
kNN reference,0.3119755677655678,0.4850218178687374,0.0227898597905788,0.30398498168498167,0.49002165998325753,0.31382951467508713,2184,False
Teammate RF,0.3024330336947641,0.4664548163636236,0.0197902488371085,0.29239137650962677,0.4648586602908195,0.3018604513833792,2184,False
Teammate CatBoost,0.3033026786073974,0.468921554690399,0.0193309649707631,0.2896492486889251,0.4602643537588915,0.2990295199394053,2184,False
Main CatBoost,0.3035454912353993,0.4679390722118483,0.0194389491484118,0.2875422658882355,0.4511015786662457,0.29685430264378765,2184,False
CatBoost MAE,0.3027338341627162,0.4743196937036946,0.0202747741908493,0.28844026470642986,0.46458951129997733,0.29778138309273167,2184,False
CatBoost history + IDs,0.297151503428284,0.4601493610384177,0.01888087428138,0.28423039372875947,0.45500417842945073,0.293435175729316,2184,False
CatBoost history + IDs MAE,0.2944946456501093,0.4591155272056916,0.0198015553751073,0.28457821876941874,0.4600593287808414,0.2937942650602984,2184,False
Monotonic HistGBR,0.3059761723126442,0.4738010627738897,0.0179379130968229,0.2902968729084124,0.45654721674185583,0.2996981174252645,2184,False
Teammate blend 50/50,0.3012503046292202,0.4640683648325884,0.0195022978338358,0.2892523768033143,0.4593944078854917,0.2986197953847281,2184,False
RF + validation best (25/75),0.2940153896556705,0.4566167747217869,0.0199105632723722,0.28340415148156106,0.4561176737430102,0.2925821756830471,2184,True
RF + validation best (50/50),0.2953050384593765,0.45700499969289,0.0199007644962547,0.28427072098949724,0.45560883706282185,0.29347680898565437,2184,False
RF + validation best (75/25),0.298138508510144,0.4602987608940522,0.0198565724805612,0.2871735921222522,0.45854424685659695,0.2964736894029274,2184,False
