feature_set,Model,candidate,parameters,MAE,MAE_std,WAPE_pct,MSE,RMSE,n_folds
full,Random Forest Regressor,0,"{""max_depth"": 10, ""min_samples_leaf"": 5, ""n_estimators"": 200}",0.3037155823729482,0.021041228617325772,31.867638389730672,0.22228071696498947,0.46999368682570564,5
full,CatBoost Regressor,0,"{""depth"": 4, ""iterations"": 400, ""l2_leaf_reg"": 5, ""learning_rate"": 0.05}",0.30378645430529244,0.018676667794043044,31.88266246099903,0.21922100840689476,0.46711477498690873,5
full,HistGradientBoostingRegressor,0,"{""learning_rate"": 0.05, ""max_iter"": 300, ""max_leaf_nodes"": 15}",0.3055201011332822,0.019163390381963193,32.059110403328255,0.2246191088126789,0.47283959496091815,5
full,Ridge Regression,2,"{""alpha"": 100.0}",0.31505853006634604,0.016125304399460378,33.076206555169136,0.2257461940392877,0.47416442592915475,5
without_target_promotion,Random Forest Regressor,2,"{""max_depth"": null, ""min_samples_leaf"": 15, ""n_estimators"": 200}",0.3191187088316497,0.026975254511615972,33.47277283097689,0.2553661417454973,0.5023782805298858,5
without_target_promotion,CatBoost Regressor,0,"{""depth"": 4, ""iterations"": 400, ""l2_leaf_reg"": 5, ""learning_rate"": 0.05}",0.3201143465397411,0.029725138953963587,33.571692247161195,0.26041125041018964,0.5063687251835036,5
without_target_promotion,Ridge Regression,0,"{""alpha"": 0.1}",0.32121272452648014,0.021840937828217288,33.70767153868859,0.2517394771560707,0.4997401910797031,5
full,Decision Tree Regressor,1,"{""max_depth"": 8, ""min_samples_leaf"": 20}",0.3217903760264024,0.017054033919866058,33.77900621019485,0.25782219536885886,0.5072308878109604,5
without_target_promotion,HistGradientBoostingRegressor,2,"{""learning_rate"": 0.03, ""max_iter"": 500, ""max_leaf_nodes"": 15}",0.3229841854403186,0.030366848050134256,33.86912044577094,0.2673826338196124,0.5131936903736947,5
without_target_promotion,Decision Tree Regressor,1,"{""max_depth"": 8, ""min_samples_leaf"": 20}",0.3336089801099863,0.024741072828312102,35.00350830115143,0.2816689553723121,0.5287149872478931,5
