store_id,product_id,days,discounted_fraction,zero_fraction,switches
18,11,90,0.6,0.0,13
18,12,90,0.43333333333333335,0.0,22
18,15,90,0.5333333333333333,0.03333333333333333,17
18,21,90,0.4,0.011111111111111112,35
18,23,90,0.17777777777777778,0.0,7
18,41,90,0.5111111111111111,0.06666666666666667,6
18,74,90,0.17777777777777778,0.0,20
18,94,90,0.36666666666666664,0.011111111111111112,14
18,98,90,0.4666666666666667,0.022222222222222223,20
18,99,90,0.5555555555555556,0.011111111111111112,12
18,100,90,0.18888888888888888,0.022222222222222223,26
18,104,90,0.7,0.0,6
18,108,90,0.4777777777777778,0.022222222222222223,11
18,109,90,0.15555555555555556,0.0,11
18,122,90,0.4,0.0,12
18,155,90,0.6222222222222222,0.03333333333333333,55
18,181,90,0.15555555555555556,0.0,14
18,200,90,0.6333333333333333,0.0,7
18,247,90,0.43333333333333335,0.011111111111111112,15
18,250,90,0.18888888888888888,0.0,12
18,257,90,0.4,0.05555555555555555,27
18,276,90,0.5,0.0,52
18,285,90,0.32222222222222224,0.0,28
18,321,90,0.23333333333333334,0.05555555555555555,23
18,345,90,0.6777777777777778,0.0,7
18,348,90,0.8333333333333334,0.08888888888888889,9
18,373,90,0.5888888888888889,0.022222222222222223,8
18,374,90,0.17777777777777778,0.0,16
18,379,90,0.2111111111111111,0.03333333333333333,18
18,380,90,0.7333333333333333,0.08888888888888889,31
18,411,90,0.8111111111111111,0.08888888888888889,11
18,415,90,0.16666666666666666,0.0,16
18,422,90,0.7222222222222222,0.0,33
18,424,90,0.23333333333333334,0.0,25
18,425,90,0.23333333333333334,0.03333333333333333,16
18,452,90,0.6444444444444445,0.03333333333333333,50
18,496,90,0.36666666666666664,0.0,17
18,525,90,0.3333333333333333,0.022222222222222223,15
18,556,90,0.16666666666666666,0.022222222222222223,16
18,580,90,0.5444444444444444,0.0,24
18,596,90,0.7666666666666667,0.0,14
18,600,90,0.3333333333333333,0.0,26
18,608,90,0.35555555555555557,0.07777777777777778,17
18,636,90,0.43333333333333335,0.011111111111111112,13
18,644,90,0.7222222222222222,0.011111111111111112,9
18,650,90,0.8222222222222222,0.022222222222222223,7
18,670,90,0.3,0.011111111111111112,7
18,673,90,0.34444444444444444,0.0,15
18,676,90,0.17777777777777778,0.1111111111111111,17
18,694,90,0.6666666666666666,0.03333333333333333,43
18,707,90,0.5444444444444444,0.022222222222222223,37
18,715,90,0.34444444444444444,0.044444444444444446,9
18,717,90,0.5888888888888889,0.0,15
18,738,90,0.3333333333333333,0.011111111111111112,7
18,740,90,0.2777777777777778,0.0,18
18,764,90,0.5666666666666667,0.011111111111111112,13
18,803,90,0.32222222222222224,0.0,23
18,817,90,0.2777777777777778,0.022222222222222223,20
18,819,90,0.4111111111111111,0.1111111111111111,17
18,823,90,0.37777777777777777,0.05555555555555555,32
18,825,90,0.43333333333333335,0.022222222222222223,17
18,826,90,0.43333333333333335,0.011111111111111112,32
18,841,90,0.25555555555555554,0.011111111111111112,23
18,858,90,0.24444444444444444,0.022222222222222223,18
154,11,90,0.8,0.0,26
154,15,90,0.5111111111111111,0.022222222222222223,19
154,21,90,0.25555555555555554,0.022222222222222223,24
154,23,90,0.2,0.0,9
154,58,90,0.16666666666666666,0.0,10
154,74,90,0.2222222222222222,0.0,18
154,100,90,0.3333333333333333,0.011111111111111112,30
154,104,90,0.7,0.0,6
154,105,90,0.2,0.0,6
154,108,90,0.4777777777777778,0.03333333333333333,11
154,109,90,0.17777777777777778,0.03333333333333333,17
154,122,90,0.4,0.0,10
154,133,90,0.5555555555555556,0.0,19
154,220,90,0.7333333333333333,0.03333333333333333,38
154,233,90,0.15555555555555556,0.0,18
154,247,90,0.4222222222222222,0.022222222222222223,13
154,249,90,0.15555555555555556,0.022222222222222223,14
154,250,90,0.17777777777777778,0.0,14
154,276,90,0.6888888888888889,0.0,47
154,285,90,0.28888888888888886,0.0,28
154,291,90,0.6777777777777778,0.011111111111111112,7
154,321,90,0.32222222222222224,0.011111111111111112,21
154,345,90,0.6777777777777778,0.0,7
154,348,90,0.8111111111111111,0.022222222222222223,9
154,374,90,0.2777777777777778,0.011111111111111112,18
154,379,90,0.32222222222222224,0.03333333333333333,26
154,405,90,0.3,0.022222222222222223,17
154,422,90,0.5666666666666667,0.0,31
154,424,90,0.16666666666666666,0.044444444444444446,12
154,425,90,0.23333333333333334,0.011111111111111112,16
154,453,90,0.5444444444444444,0.011111111111111112,13
154,476,90,0.3,0.07777777777777778,24
154,496,90,0.34444444444444444,0.0,19
154,506,90,0.6666666666666666,0.03333333333333333,47
154,527,90,0.26666666666666666,0.12222222222222222,7
154,556,90,0.16666666666666666,0.011111111111111112,18
154,578,90,0.7666666666666667,0.011111111111111112,38
154,580,90,0.32222222222222224,0.0,29
154,596,90,0.7777777777777778,0.0,15
154,600,90,0.2,0.011111111111111112,16
154,623,90,0.5666666666666667,0.0,11
154,625,90,0.2111111111111111,0.011111111111111112,14
154,627,90,0.6333333333333333,0.044444444444444446,15
154,631,90,0.24444444444444444,0.0,7
154,636,90,0.43333333333333335,0.0,13
154,644,90,0.7222222222222222,0.022222222222222223,9
154,650,90,0.8333333333333334,0.06666666666666667,7
154,670,90,0.3,0.011111111111111112,9
154,686,90,0.7333333333333333,0.0,10
154,707,90,0.5666666666666667,0.0,24
154,717,90,0.5333333333333333,0.022222222222222223,9
154,775,90,0.6555555555555556,0.0,6
154,776,90,0.5333333333333333,0.1,15
154,785,90,0.45555555555555555,0.011111111111111112,23
154,819,90,0.3888888888888889,0.044444444444444446,15
154,830,90,0.6555555555555556,0.12222222222222222,23
154,837,90,0.3111111111111111,0.0,32
154,841,90,0.18888888888888888,0.0,16
154,858,90,0.37777777777777777,0.03333333333333333,29
154,859,90,0.18888888888888888,0.022222222222222223,7
182,7,90,0.15555555555555556,0.022222222222222223,7
182,11,90,0.7444444444444445,0.0,30
182,12,90,0.35555555555555557,0.0,14
182,21,90,0.37777777777777777,0.0,28
182,58,90,0.15555555555555556,0.011111111111111112,8
182,99,90,0.6,0.022222222222222223,18
182,100,90,0.18888888888888888,0.0,24
182,105,90,0.23333333333333334,0.044444444444444446,13
182,108,90,0.4666666666666667,0.03333333333333333,9
182,109,90,0.23333333333333334,0.0,25
182,122,90,0.43333333333333335,0.0,10
182,133,90,0.5,0.022222222222222223,17
182,151,90,0.7,0.0,7
182,200,90,0.6555555555555556,0.011111111111111112,11
182,220,90,0.8,0.0,35
182,247,90,0.45555555555555555,0.011111111111111112,15
182,250,90,0.16666666666666666,0.0,14
182,258,90,0.23333333333333334,0.0,18
182,276,90,0.6333333333333333,0.011111111111111112,51
182,285,90,0.3333333333333333,0.022222222222222223,28
182,291,90,0.6777777777777778,0.0,7
182,321,90,0.3,0.011111111111111112,26
182,345,90,0.6777777777777778,0.0,7
182,368,90,0.6111111111111112,0.011111111111111112,47
182,374,90,0.24444444444444444,0.011111111111111112,20
182,387,90,0.37777777777777777,0.0,6
182,405,90,0.2,0.03333333333333333,11
182,411,90,0.8333333333333334,0.08888888888888889,16
182,415,90,0.16666666666666666,0.0,18
182,419,90,0.34444444444444444,0.0,11
182,422,90,0.7444444444444445,0.0,39
182,424,90,0.18888888888888888,0.022222222222222223,16
182,425,90,0.23333333333333334,0.0,16
182,426,90,0.17777777777777778,0.0,18
182,452,90,0.6888888888888889,0.011111111111111112,52
182,467,90,0.36666666666666664,0.044444444444444446,36
182,473,90,0.4,0.0,14
182,476,90,0.2777777777777778,0.03333333333333333,24
182,496,90,0.4111111111111111,0.0,19
182,506,90,0.7222222222222222,0.0,47
182,554,90,0.37777777777777777,0.044444444444444446,7
182,556,90,0.2,0.0,22
182,578,90,0.5777777777777777,0.0,26
182,592,90,0.3,0.0,17
182,596,90,0.7333333333333333,0.0,20
182,627,90,0.6555555555555556,0.07777777777777778,19
182,631,90,0.24444444444444444,0.0,7
182,636,90,0.4666666666666667,0.0,9
182,644,90,0.6666666666666666,0.0,9
182,650,90,0.8222222222222222,0.1,7
182,684,90,0.28888888888888886,0.0,9
182,686,90,0.6555555555555556,0.0,11
182,706,90,0.34444444444444444,0.0,39
182,717,90,0.5333333333333333,0.011111111111111112,11
182,764,90,0.5555555555555556,0.022222222222222223,13
182,785,90,0.4444444444444444,0.011111111111111112,19
182,793,90,0.2,0.05555555555555555,13
182,819,90,0.37777777777777777,0.1111111111111111,13
182,825,90,0.4666666666666667,0.03333333333333333,21
182,841,90,0.2,0.0,20
182,858,90,0.3333333333333333,0.0,21
235,9,90,0.16666666666666666,0.011111111111111112,6
235,12,90,0.35555555555555557,0.022222222222222223,14
235,15,90,0.5111111111111111,0.022222222222222223,15
235,21,90,0.3333333333333333,0.011111111111111112,24
235,74,90,0.15555555555555556,0.0,16
235,94,90,0.3333333333333333,0.011111111111111112,9
235,98,90,0.4111111111111111,0.06666666666666667,15
235,99,90,0.5666666666666667,0.0,10
235,100,90,0.25555555555555554,0.011111111111111112,26
235,104,90,0.7222222222222222,0.0,8
235,105,90,0.18888888888888888,0.011111111111111112,6
235,108,90,0.4777777777777778,0.022222222222222223,11
235,109,90,0.16666666666666666,0.0,13
235,121,90,0.5333333333333333,0.011111111111111112,37
235,122,90,0.3888888888888889,0.0,10
235,133,90,0.5,0.0,15
235,220,90,0.8,0.011111111111111112,35
235,247,90,0.4,0.03333333333333333,9
235,250,90,0.17777777777777778,0.0,14
235,257,90,0.4666666666666667,0.022222222222222223,30
235,258,90,0.15555555555555556,0.0,10
235,285,90,0.32222222222222224,0.011111111111111112,30
235,291,90,0.6777777777777778,0.011111111111111112,7
235,345,90,0.6777777777777778,0.0,7
235,348,90,0.8,0.022222222222222223,11
235,373,90,0.5777777777777777,0.011111111111111112,9
235,374,90,0.2111111111111111,0.0,14
235,379,90,0.2,0.07777777777777778,12
235,411,90,0.7555555555555555,0.1,9
235,421,90,0.5333333333333333,0.044444444444444446,45
235,422,90,0.4666666666666667,0.0,30
235,424,90,0.17777777777777778,0.0,12
235,425,90,0.23333333333333334,0.0,16
235,476,90,0.32222222222222224,0.044444444444444446,26
235,496,90,0.24444444444444444,0.0,7
235,506,90,0.6444444444444445,0.011111111111111112,45
235,525,90,0.3333333333333333,0.0,21
235,536,90,0.4888888888888889,0.16666666666666666,13
235,556,90,0.17777777777777778,0.0,18
235,578,90,0.4888888888888889,0.011111111111111112,23
235,580,90,0.28888888888888886,0.0,29
235,592,90,0.25555555555555554,0.022222222222222223,15
235,596,90,0.7555555555555555,0.0,17
235,625,90,0.2111111111111111,0.011111111111111112,14
235,629,90,0.7555555555555555,0.0,9
235,636,90,0.43333333333333335,0.011111111111111112,7
235,644,90,0.7333333333333333,0.0,11
235,650,90,0.8333333333333334,0.08888888888888889,7
235,670,90,0.28888888888888886,0.0,7
235,673,90,0.34444444444444444,0.022222222222222223,15
235,684,90,0.28888888888888886,0.0,9
235,698,90,0.4,0.18888888888888888,23
235,706,90,0.32222222222222224,0.0,30
235,715,90,0.3333333333333333,0.03333333333333333,9
235,717,90,0.5222222222222223,0.022222222222222223,9
235,734,90,0.17777777777777778,0.03333333333333333,18
235,763,90,0.6666666666666666,0.0,17
235,764,90,0.5333333333333333,0.022222222222222223,11
235,765,90,0.2,0.0,21
235,797,90,0.8222222222222222,0.044444444444444446,7
235,825,90,0.43333333333333335,0.011111111111111112,17
235,841,90,0.23333333333333334,0.011111111111111112,18
235,858,90,0.35555555555555557,0.0,20
343,5,90,0.7777777777777778,0.022222222222222223,7
343,12,90,0.36666666666666664,0.011111111111111112,16
343,21,90,0.35555555555555557,0.022222222222222223,31
343,23,90,0.16666666666666666,0.0,7
343,28,90,0.32222222222222224,0.0,7
343,38,90,0.43333333333333335,0.022222222222222223,24
343,41,90,0.5777777777777777,0.044444444444444446,8
343,58,90,0.2111111111111111,0.011111111111111112,17
343,67,90,0.2222222222222222,0.0,27
343,94,90,0.36666666666666664,0.03333333333333333,15
343,98,90,0.5222222222222223,0.03333333333333333,20
343,99,90,0.5666666666666667,0.011111111111111112,10
343,104,90,0.7,0.0,6
343,108,90,0.4888888888888889,0.022222222222222223,9
343,109,90,0.16666666666666666,0.0,19
343,122,90,0.45555555555555555,0.0,8
343,140,90,0.8222222222222222,0.011111111111111112,6
343,155,90,0.6666666666666666,0.011111111111111112,49
343,189,90,0.2777777777777778,0.0,17
343,200,90,0.6222222222222222,0.011111111111111112,9
343,220,90,0.8,0.011111111111111112,35
343,247,90,0.43333333333333335,0.0,17
343,249,90,0.17777777777777778,0.022222222222222223,16
343,250,90,0.2,0.0,12
343,257,90,0.37777777777777777,0.03333333333333333,21
343,276,90,0.7,0.03333333333333333,45
343,291,90,0.6777777777777778,0.011111111111111112,7
343,345,90,0.6777777777777778,0.0,7
343,373,90,0.5666666666666667,0.011111111111111112,7
343,380,90,0.7555555555555555,0.07777777777777778,35
343,387,90,0.37777777777777777,0.011111111111111112,6
343,411,90,0.7333333333333333,0.06666666666666667,11
343,419,90,0.25555555555555554,0.0,10
343,422,90,0.4888888888888889,0.0,38
343,424,90,0.2111111111111111,0.0,20
343,425,90,0.23333333333333334,0.011111111111111112,16
343,429,90,0.5555555555555556,0.0,42
343,467,90,0.2222222222222222,0.08888888888888889,23
343,473,90,0.36666666666666664,0.011111111111111112,12
343,486,90,0.7888888888888889,0.0,6
343,496,90,0.36666666666666664,0.0,17
343,536,90,0.4444444444444444,0.18888888888888888,17
343,548,90,0.6,0.0,37
343,556,90,0.15555555555555556,0.03333333333333333,16
343,596,90,0.7777777777777778,0.0,14
343,608,90,0.3333333333333333,0.03333333333333333,17
343,627,90,0.6333333333333333,0.022222222222222223,15
343,631,90,0.25555555555555554,0.0,9
343,636,90,0.4888888888888889,0.0,15
343,644,90,0.7555555555555555,0.0,15
343,650,90,0.8222222222222222,0.07777777777777778,7
343,670,90,0.32222222222222224,0.0,8
343,715,90,0.3333333333333333,0.044444444444444446,6
343,717,90,0.5777777777777777,0.044444444444444446,11
343,738,90,0.32222222222222224,0.011111111111111112,7
343,740,90,0.3333333333333333,0.0,18
343,765,90,0.28888888888888886,0.022222222222222223,19
343,776,90,0.4888888888888889,0.08888888888888889,20
343,793,90,0.23333333333333334,0.011111111111111112,21
343,794,90,0.4111111111111111,0.06666666666666667,21
343,823,90,0.34444444444444444,0.03333333333333333,28
343,825,90,0.43333333333333335,0.044444444444444446,17
343,841,90,0.2222222222222222,0.011111111111111112,16
343,858,90,0.28888888888888886,0.03333333333333333,18
