slice,value,model,mae,rmse,wape,n
date,2024-06-26,7-day mean,0.3150045787545787,0.47491832589846644,0.36042771223202497,312
date,2024-06-26,Teammate blend 50/50,0.2737730053289073,0.3972968041969229,0.313250614869514,312
date,2024-06-26,RF + validation best (25/75),0.2654887483488974,0.38455662067916335,0.30377178188666565,312
date,2024-06-27,7-day mean,0.2791804029304029,0.40584921561947485,0.3132008403663504,312
date,2024-06-27,Teammate blend 50/50,0.24352773134943012,0.32792190655194625,0.2732035963504448,312
date,2024-06-27,RF + validation best (25/75),0.23596077303087673,0.3196389125402179,0.2647145416764357,312
date,2024-06-28,7-day mean,0.28325091575091577,0.41322821961493983,0.30210332517788163,312
date,2024-06-28,Teammate blend 50/50,0.2850982505760941,0.40798765566256384,0.3040736135772104,312
date,2024-06-28,RF + validation best (25/75),0.28373310227407605,0.40563505960841856,0.3026176047226326,312
date,2024-06-29,7-day mean,0.3422069597069597,0.7092488804072759,0.31970466950704096,312
date,2024-06-29,Teammate blend 50/50,0.32520805482188975,0.5521900855327219,0.30382355103733855,312
date,2024-06-29,RF + validation best (25/75),0.3182803401207161,0.5686081623878831,0.2973513777627962,312
date,2024-06-30,7-day mean,0.40285714285714275,0.6858320545235805,0.3303669993466555,312
date,2024-06-30,Teammate blend 50/50,0.34515349843070364,0.596223516389667,0.2830465528843493,312
date,2024-06-30,RF + validation best (25/75),0.34658347773612885,0.609504901110723,0.28421922160982016,312
date,2024-07-01,7-day mean,0.2763553113553114,0.38667068715317177,0.32230434039644573,312
date,2024-07-01,Teammate blend 50/50,0.2664787012534715,0.3889588998147,0.3107855666532712,312
date,2024-07-01,RF + validation best (25/75),0.26040654629336313,0.37764672338573113,0.303703806980896,312
date,2024-07-02,7-day mean,0.30043956043956044,0.464062851555278,0.3229753742106014,312
date,2024-07-02,Teammate blend 50/50,0.2853864638901963,0.48263144144894177,0.3067931527882756,312
date,2024-07-02,RF + validation best (25/75),0.2732733190126754,0.4515077447373356,0.29377140726994005,312
store,18,7-day mean,0.3133003826530612,0.4940977573730808,0.30463726055599993,448
store,18,Teammate blend 50/50,0.2941462714651872,0.46210418580266277,0.28601278295004523,448
store,18,RF + validation best (25/75),0.28720268969513557,0.45644819457243446,0.2792611993389346,448
store,154,7-day mean,0.25807142857142856,0.38885338284856114,0.35520235949533013,420
store,154,Teammate blend 50/50,0.2558126269230806,0.37754779878111466,0.35209340752971935,420
store,154,RF + validation best (25/75),0.24520857690685563,0.35712345646883387,0.3374982870748136,420
store,182,7-day mean,0.3286249581799933,0.49475553820519824,0.3358211251474384,427
store,182,Teammate blend 50/50,0.29079230796933725,0.4444176880982371,0.2971600227423884,427
store,182,RF + validation best (25/75),0.29080199379070437,0.46107119933790697,0.2971699206620336,427
store,235,7-day mean,0.3098250728862974,0.47860633536253516,0.30962848337304466,441
store,235,Teammate blend 50/50,0.2802711193636317,0.40237957164714244,0.2800932823589593,441
store,235,RF + validation best (25/75),0.26912380394292895,0.3877051684602747,0.2689530401079398,441
store,343,7-day mean,0.35820471938775506,0.691400514246687,0.32718762469817575,448
store,343,Teammate blend 50/50,0.3229832770014505,0.5774424565788394,0.2950160215643155,448
store,343,RF + validation best (25/75),0.3223485525782551,0.5791522957361941,0.29443625819124164,448
discount,none_or_small,7-day mean,0.27105275837147674,0.39351404311700955,0.3345703461851832,1186
discount,none_or_small,Teammate blend 50/50,0.23298234117135322,0.32635220318740193,0.28757863601559563,1186
discount,none_or_small,RF + validation best (25/75),0.22906865917931685,0.32247742855859424,0.28274783500548456,1186
discount,moderate,7-day mean,0.30331571994715983,0.44537899416160903,0.30416352051292234,757
discount,moderate,Teammate blend 50/50,0.29821355292823076,0.4321841882882005,0.2990470923799105,757
discount,moderate,RF + validation best (25/75),0.29277739015347753,0.4362398711606708,0.2935957349364576,757
discount,deep,7-day mean,0.5605868405453468,1.0361936792950888,0.3379563452357129,241
discount,deep,Teammate blend 50/50,0.5378361160461432,0.8947558003475203,0.32424080440044156,241
discount,deep,RF + validation best (25/75),0.5212227949957203,0.8804927871730606,0.31422526914640936,241
target_stockout_diagnostic_only,no_stockout,7-day mean,0.308581975858432,0.47842386274389065,0.3356755950521846,1219
target_stockout_diagnostic_only,no_stockout,Teammate blend 50/50,0.28171584654598364,0.44429883628407274,0.30645060898934867,1219
target_stockout_diagnostic_only,no_stockout,RF + validation best (25/75),0.275293774907959,0.4463552516765796,0.29946467692846035,1219
target_stockout_diagnostic_only,stockout,7-day mean,0.32126276831976314,0.5700297961413509,0.3116140352892524,965
target_stockout_diagnostic_only,stockout,Teammate blend 50/50,0.29872704997249955,0.47749346951446253,0.2897551495893596,965
target_stockout_diagnostic_only,stockout,RF + validation best (25/75),0.2936160581492423,0.4680127109417184,0.2847976601339044,965
