store_id,product_id,dt,target_sales,discount_next,target_stockout_hours,7-day mean,Same weekday,Ridge,Decision tree,HistGradientBoosting,kNN reference,Teammate RF,Teammate CatBoost,Main CatBoost,CatBoost MAE,CatBoost history + IDs,CatBoost history + IDs MAE,Monotonic HistGBR,Teammate blend 50/50,RF + validation best (25/75),RF + validation best (50/50),RF + validation best (75/25),selected_abs_error
343,38,2024-06-29,10.3,0.505,9,1.3714285714285717,6.0,2.802376783739888,4.700000000000001,6.032386349333872,2.8599999999999994,4.980018648996896,5.729622730818515,5.71405410956017,4.85541370258732,5.539108345552245,4.6518757059949625,5.97616632096992,5.354820689907705,4.7339114417454455,4.815947177495929,4.8979829132464126,5.566088558254555
343,122,2024-06-30,10.6,0.633,0,6.8428571428571425,6.2,6.593630356607069,6.595238095238094,6.447919993350268,6.276,6.206657136130777,6.358704832096283,6.433884803323749,6.082555426762756,6.76525873971847,6.574439958006114,6.777738318764572,6.282680984113529,6.48249425253728,6.3905485470684456,6.298602841599611,4.11750574746272
18,122,2024-06-30,10.1,0.633,0,5.928571428571429,6.9,5.780467516033191,6.595238095238094,6.48351733612564,6.444,6.3019059787233696,6.2924826883112095,6.626659843059301,6.196918402881013,6.084061481974648,6.0553301394766885,6.777738318764572,6.2971943335172895,6.116974099288359,6.178618059100029,6.240262018911699,3.983025900711641
182,122,2024-06-30,9.1,0.919,0,5.771428571428572,8.7,5.505430037353319,6.595238095238094,5.632024153787299,6.072,5.717843107110491,6.325735858235072,6.42963398475373,5.982466173185794,5.290214965272567,4.920629729479232,5.553214759099649,6.021789482672782,5.119933073887047,5.319236418294862,5.518539762702677,3.9800669261129524
343,122,2024-07-02,10.0,0.558,4,7.328571428571428,8.2,6.554832884361001,5.639130434782608,6.40512219729504,5.968,5.947438828909878,5.579021174276782,5.774098353091855,6.115448365475903,5.694242938542456,6.469378202006854,6.280048955450465,5.76323000159333,6.3388933587326095,6.208408515458366,6.077923672184122,3.6611066412673905
343,122,2024-06-29,8.9,0.631,0,6.085714285714286,3.6,5.922869759289511,6.595238095238094,5.740037346269444,6.012,5.863990296087351,5.919758534538987,6.261033297901703,5.844970153053066,5.707560671019518,5.705459028356932,6.049687673076518,5.891874415313169,5.7450918452895365,5.784724662222142,5.824357479154747,3.154908154710464
343,122,2024-06-28,8.2,0.631,0,5.642857142857143,5.1,5.282547056770785,5.639130434782608,5.945631938756065,6.032,5.824008726849071,5.653418202745424,5.652242118653724,5.544576310814735,5.401095175265136,5.38953252074401,5.9351025650399665,5.7387134647972475,5.498151572270276,5.606770623796541,5.715389675322805,2.7018484277297237
235,122,2024-06-29,7.9,0.633,0,4.8999999999999995,4.6,4.493053434234385,6.595238095238094,5.4339700469651495,4.836,5.65789044024924,5.2759089395726475,5.657983089141121,5.160220593635745,5.23752423771437,5.419484027072721,5.374276817712869,5.466899689910944,5.479085630366851,5.53868723366098,5.59828883695511,2.4209143696331497
182,467,2024-06-26,3.8,0.825,4,1.5142857142857145,2.0,1.6043507720172134,1.3937347294938915,1.3733343635008448,1.348,1.3436455831167904,1.3004659136482961,1.4988609216805902,1.3272978066764909,1.5588465710767534,1.4299106049120756,1.5444931032076876,1.3220557483825432,1.4083443494632544,1.386778094014433,1.3652118385656116,2.3916556505367454
18,122,2024-07-02,8.6,0.555,0,6.371428571428572,8.5,5.878727470715666,5.639130434782608,6.339891743038663,5.84,5.921888801323084,5.856793052800191,5.715344554849239,5.991509834317259,5.770119916687383,6.454019837544563,6.24121965226155,5.889340927061637,6.3209870784891935,6.187954319433824,6.054921560378454,2.279012921510806
235,122,2024-06-30,8.5,0.632,0,5.371428571428572,7.4,5.728917736399339,6.595238095238094,6.48351733612564,6.512,6.2408771293320235,6.024041939264037,6.408717784528713,6.105373699493425,6.400176957514808,6.232435694435169,6.777738318764572,6.132459534298031,6.234546053159383,6.236656411883596,6.23876677060781,2.2654539468406174
154,122,2024-06-30,6.1,0.631,0,3.314285714285714,3.1,3.7106545639271515,3.538211382113823,3.5529717407553547,4.192,3.4940129142508956,3.6087512159472017,3.8663587622363313,3.872277638781815,3.877797139054197,4.016955512542941,3.6745479246230097,3.5513820650990486,3.8862198629699294,3.755484213396918,3.624748563823907,2.2137801370300703
